,count,mean,std,min,25%,50%,75%,max
malignant,401059.0,0.001,0.0313,0.0,0.0,0.0,0.0,1.0
mel_thick_mm,63.0,0.671,0.7928,0.2,0.3,0.4,0.6,5.0
tbp_lv_dnn_lesion_confidence,401059.0,97.1622,8.9958,0.0,99.6688,99.9946,100.0,100.0
age_approx,398261.0,58.013,13.5962,5.0,50.0,60.0,70.0,85.0
clin_size_long_diam_mm,401059.0,3.9308,1.7431,1.0,2.84,3.37,4.38,28.4
tbp_lv_A,401059.0,19.974,3.9995,-2.4871,17.3308,19.8019,22.3046,48.1896
tbp_lv_Aext,401059.0,14.9192,3.5294,-9.0803,12.4697,14.7139,17.1372,37.0217
tbp_lv_B,401059.0,28.2817,5.2787,-0.731,24.7044,28.1716,31.6374,54.3069
tbp_lv_Bext,401059.0,26.913,4.483,9.2371,23.8481,26.7017,29.6799,48.3727
tbp_lv_C,401059.0,34.7863,5.7085,3.0542,31.0031,34.8226,38.4303,58.7652
tbp_lv_Cext,401059.0,30.9213,4.8293,11.8465,27.6583,30.8049,33.9639,54.3053
tbp_lv_H,401059.0,54.6537,5.5208,-1.5742,51.5663,55.0356,58.2982,105.8758
tbp_lv_Hext,401059.0,60.9969,5.6319,28.4365,57.2976,61.1092,64.905,130.9833
tbp_lv_L,401059.0,42.29,10.8646,4.223,34.3033,42.3438,50.4051,87.5489
tbp_lv_Lext,401059.0,51.1995,12.1005,17.7023,42.2745,51.4256,60.4956,98.5882
tbp_lv_areaMM2,401059.0,8.54,9.6793,0.4316,4.1096,5.6859,9.1199,334.1527
tbp_lv_area_perim_ratio,401059.0,19.0845,5.3579,10.7616,15.4262,17.424,21.0113,87.2053
tbp_lv_color_std_mean,401059.0,1.0704,0.7629,0.0,0.5749,0.9314,1.4122,9.9529
tbp_lv_deltaA,401059.0,5.0548,2.6429,-13.8198,3.4131,4.6439,6.2742,32.1376
tbp_lv_deltaB,401059.0,1.3687,2.2159,-18.0881,0.111,1.5939,2.8506,12.6439
tbp_lv_deltaL,401059.0,-8.9096,3.4634,-38.7561,-10.6755,-8.1322,-6.3971,-1.5906
tbp_lv_deltaLB,401059.0,9.4558,3.4667,2.9527,6.9524,8.6999,11.2435,39.1977
tbp_lv_deltaLBnorm,401059.0,7.5389,2.405,3.0011,5.7482,6.9463,8.7484,30.4875
tbp_lv_eccentricity,401059.0,0.7412,0.1439,0.0277,0.6566,0.7682,0.8532,0.975
tbp_lv_minorAxisMM,401059.0,2.5398,1.1732,0.274,1.8127,2.2652,2.9059,18.3879
tbp_lv_nevi_confidence,401059.0,38.5203,41.4809,0.0,0.1098,14.4085,87.7914,100.0
tbp_lv_norm_border,401059.0,3.4515,1.7246,0.5894,2.1438,2.9969,4.3584,10.0
tbp_lv_norm_color,401059.0,3.0916,2.0448,0.0,1.7288,2.7647,4.1202,10.0
tbp_lv_perimeterMM,401059.0,11.8789,5.9193,2.5792,8.3384,10.0154,13.2091,102.4939
tbp_lv_radial_color_std_max,401059.0,1.0165,0.7346,0.0,0.5639,0.9023,1.3345,11.4911
tbp_lv_stdL,401059.0,2.7152,1.7382,0.2682,1.4566,2.1867,3.4746,17.5636
tbp_lv_stdLExt,401059.0,2.2386,0.6239,0.6362,1.8347,2.1498,2.5314,25.5348
tbp_lv_symm_2axis,401059.0,0.3068,0.125,0.052,0.2114,0.2823,0.382,0.9771
tbp_lv_symm_2axis_angle,401059.0,86.3321,52.5595,0.0,40.0,90.0,130.0,175.0
tbp_lv_x,401059.0,-3.0919,197.258,-624.8707,-147.0221,-5.7473,140.4748,614.4717
tbp_lv_y,401059.0,1039.5982,409.8197,-1052.134,746.5197,1172.803,1342.1315,1887.7668
tbp_lv_z,401059.0,55.8234,87.9682,-291.8904,-8.9626,67.9579,126.6116,319.407
is_melanoma,401059.0,0.0004,0.0198,0.0,0.0,0.0,0.0,1.0
