feature,criterion,definition,source,type,missing_frac,missing_treatment,decision_time
tbp_lv_symm_2axis,A,"Border asymmetry about the axis perpendicular to the most symmetric axis, 0-10 (Lesion Visualizer)",ISIC 2024 metadata.csv (Canfield Lesion Visualizer),float64,0.0,none needed,Y: produced by the TBP scan / visible or askable at the visit
tbp_lv_radial_color_std_max,A,Colour asymmetry: max radial std of colour (Lesion Visualizer),ISIC 2024 metadata.csv (Canfield Lesion Visualizer),float64,0.0,none needed,Y: produced by the TBP scan / visible or askable at the visit
tbp_lv_norm_border,B,Border irregularity 0-10 (mean of jaggedness and asymmetry),ISIC 2024 metadata.csv (Canfield Lesion Visualizer),float64,0.0,none needed,Y: produced by the TBP scan / visible or askable at the visit
tbp_lv_area_perim_ratio,B,Border jaggedness: perimeter^2/area,ISIC 2024 metadata.csv (Canfield Lesion Visualizer),float64,0.0,none needed,Y: produced by the TBP scan / visible or askable at the visit
tbp_lv_norm_color,C,Colour variation 0-10,ISIC 2024 metadata.csv (Canfield Lesion Visualizer),float64,0.0,none needed,Y: produced by the TBP scan / visible or askable at the visit
tbp_lv_deltaLBnorm,C,Contrast between lesion and surrounding skin (L*B* normalised),ISIC 2024 metadata.csv (Canfield Lesion Visualizer),float64,0.0,none needed,Y: produced by the TBP scan / visible or askable at the visit
clin_size_long_diam_mm,D,Longest diameter in mm (calibrated 3D TBP),ISIC 2024 metadata.csv (Canfield Lesion Visualizer),float64,0.0,none needed,Y: produced by the TBP scan / visible or askable at the visit
tbp_lv_symm_2axis_pz,A,Patient-relative z-score of tbp_lv_symm_2axis among the patient's own lesions ('ugly duckling'),ISIC 2024 metadata.csv (Canfield Lesion Visualizer),float64,0.0,none needed,Y: produced by the TBP scan / visible or askable at the visit
tbp_lv_radial_color_std_max_pz,A,Patient-relative z-score of tbp_lv_radial_color_std_max among the patient's own lesions ('ugly duckling'),ISIC 2024 metadata.csv (Canfield Lesion Visualizer),float64,0.0,none needed,Y: produced by the TBP scan / visible or askable at the visit
tbp_lv_norm_border_pz,B,Patient-relative z-score of tbp_lv_norm_border among the patient's own lesions ('ugly duckling'),ISIC 2024 metadata.csv (Canfield Lesion Visualizer),float64,0.0,none needed,Y: produced by the TBP scan / visible or askable at the visit
tbp_lv_area_perim_ratio_pz,B,Patient-relative z-score of tbp_lv_area_perim_ratio among the patient's own lesions ('ugly duckling'),ISIC 2024 metadata.csv (Canfield Lesion Visualizer),float64,0.0,none needed,Y: produced by the TBP scan / visible or askable at the visit
tbp_lv_norm_color_pz,C,Patient-relative z-score of tbp_lv_norm_color among the patient's own lesions ('ugly duckling'),ISIC 2024 metadata.csv (Canfield Lesion Visualizer),float64,0.0,none needed,Y: produced by the TBP scan / visible or askable at the visit
tbp_lv_deltaLBnorm_pz,C,Patient-relative z-score of tbp_lv_deltaLBnorm among the patient's own lesions ('ugly duckling'),ISIC 2024 metadata.csv (Canfield Lesion Visualizer),float64,0.0,none needed,Y: produced by the TBP scan / visible or askable at the visit
clin_size_long_diam_mm_pz,D,Patient-relative z-score of clin_size_long_diam_mm among the patient's own lesions ('ugly duckling'),ISIC 2024 metadata.csv (Canfield Lesion Visualizer),float64,0.0,none needed,Y: produced by the TBP scan / visible or askable at the visit
D_gt6mm,rule,Published clinical rule: long diameter > 6 mm,ISIC 2024 metadata.csv,int64,0.0,none needed,Y: produced by the TBP scan / visible or askable at the visit
age_approx,context,"Patient age, 5-year bins",ISIC 2024 metadata.csv,float64,0.007,indicator + median impute inside CV folds,Y: produced by the TBP scan / visible or askable at the visit
sex,context,Patient sex,ISIC 2024 metadata.csv,str,0.0287,indicator + 'missing' category,Y: produced by the TBP scan / visible or askable at the visit
anatom_site_general,context,Anatomic site (5 groups),ISIC 2024 metadata.csv,str,0.0144,indicator + 'missing' category,Y: produced by the TBP scan / visible or askable at the visit
