image_id,lesion_id,split
ISIC_0025964,HAM_0000871,train
ISIC_0027190,HAM_0000040,train
ISIC_0028086,HAM_0005678,holdout
ISIC_0031177,HAM_0005191,train
ISIC_0026993,HAM_0005186,holdout
ISIC_0026120,HAM_0007310,train
ISIC_0030417,HAM_0004476,train
ISIC_0026531,HAM_0000876,train
ISIC_0030443,HAM_0006722,train
ISIC_0024586,HAM_0003832,train
ISIC_0025451,HAM_0002143,train
ISIC_0032248,HAM_0002119,train
ISIC_0027076,HAM_0000492,train
ISIC_0027872,HAM_0004784,train
ISIC_0030486,HAM_0001150,train
ISIC_0027125,HAM_0003182,train
ISIC_0028361,HAM_0001747,train
ISIC_0025744,HAM_0006453,train
ISIC_0028215,HAM_0005557,train
ISIC_0025303,HAM_0003558,train
ISIC_0032214,HAM_0007454,train
ISIC_0028069,HAM_0001811,train
ISIC_0024367,HAM_0001726,holdout
ISIC_0024481,HAM_0003315,train
ISIC_0030080,HAM_0006900,train
ISIC_0031406,HAM_0000060,train
ISIC_0026115,HAM_0004910,holdout
ISIC_0027277,HAM_0004720,train
ISIC_0032079,HAM_0005555,holdout
ISIC_0026150,HAM_0004607,holdout
ISIC_0027043,HAM_0007390,train
ISIC_0025277,HAM_0002720,train
ISIC_0024729,HAM_0002011,train
ISIC_0025234,HAM_0004739,train
ISIC_0025955,HAM_0005481,train
ISIC_0025751,HAM_0000814,train
ISIC_0026754,HAM_0001446,train
ISIC_0027063,HAM_0004813,train
ISIC_0024545,HAM_0006803,train
ISIC_0033186,HAM_0000095,train
ISIC_0030060,HAM_0004126,holdout
ISIC_0024987,HAM_0007560,train
ISIC_0028291,HAM_0006253,train
ISIC_0024898,HAM_0002534,train
ISIC_0027769,HAM_0000099,train
ISIC_0026909,HAM_0007171,holdout
ISIC_0026113,HAM_0002714,holdout
ISIC_0032308,HAM_0003802,train
ISIC_0025081,HAM_0001203,train
ISIC_0030445,HAM_0003031,train
ISIC_0030798,HAM_0001913,train
ISIC_0026596,HAM_0004979,holdout
ISIC_0025155,HAM_0006521,train
ISIC_0024792,HAM_0001847,train
ISIC_0032244,HAM_0000152,train
ISIC_0028901,HAM_0006739,train
ISIC_0025603,HAM_0004579,holdout
ISIC_0029651,HAM_0004643,train
ISIC_0024886,HAM_0001353,train
ISIC_0027102,HAM_0003782,train
ISIC_0025904,HAM_0006908,train
ISIC_0027253,HAM_0005697,train
ISIC_0029163,HAM_0006692,train
ISIC_0024624,HAM_0000210,train
ISIC_0025674,HAM_0000531,train
ISIC_0026622,HAM_0007165,holdout
ISIC_0027060,HAM_0002471,train
ISIC_0024315,HAM_0007538,train
ISIC_0030818,HAM_0002838,train
ISIC_0025996,HAM_0003990,train
ISIC_0025219,HAM_0005588,train
ISIC_0024951,HAM_0001531,train
ISIC_0024702,HAM_0000903,train
ISIC_0024972,HAM_0001284,holdout
ISIC_0028442,HAM_0001328,train
ISIC_0031586,HAM_0001671,train
ISIC_0030539,HAM_0002182,train
ISIC_0031977,HAM_0006828,train
ISIC_0025018,HAM_0004265,train
ISIC_0024767,HAM_0003212,train
ISIC_0028022,HAM_0001202,train
ISIC_0024967,HAM_0006975,holdout
ISIC_0029370,HAM_0006433,train
ISIC_0026369,HAM_0006522,train
ISIC_0027487,HAM_0004483,train
ISIC_0029212,HAM_0002955,train
ISIC_0027616,HAM_0007620,holdout
ISIC_0027261,HAM_0005084,holdout
ISIC_0025153,HAM_0005381,holdout
ISIC_0025363,HAM_0001796,holdout
ISIC_0027651,HAM_0005742,train
ISIC_0027238,HAM_0006152,train
ISIC_0024675,HAM_0001600,train
ISIC_0027693,HAM_0004980,holdout
ISIC_0032220,HAM_0003521,train
ISIC_0028127,HAM_0005911,train
ISIC_0025927,HAM_0002557,train
ISIC_0031189,HAM_0006214,holdout
ISIC_0025783,HAM_0000417,train
ISIC_0029241,HAM_0006092,train
ISIC_0027352,HAM_0003683,train
ISIC_0031890,HAM_0007420,train
ISIC_0031545,HAM_0007229,train
ISIC_0026314,HAM_0000233,train
ISIC_0024875,HAM_0007617,train
ISIC_0027033,HAM_0000059,train
ISIC_0027263,HAM_0003449,train
ISIC_0026247,HAM_0004676,train
ISIC_0026158,HAM_0003448,holdout
ISIC_0026489,HAM_0004153,holdout
ISIC_0028878,HAM_0000062,holdout
ISIC_0033312,HAM_0007117,train
ISIC_0024400,HAM_0006751,train
ISIC_0028900,HAM_0006635,train
ISIC_0024911,HAM_0006896,train
ISIC_0027659,HAM_0005642,train
ISIC_0032182,HAM_0006651,train
ISIC_0026697,HAM_0004364,train
ISIC_0028565,HAM_0005624,train
ISIC_0026664,HAM_0002981,train
ISIC_0024496,HAM_0001703,holdout
ISIC_0028041,HAM_0000796,holdout
ISIC_0028696,HAM_0003330,train
ISIC_0030552,HAM_0002897,train
ISIC_0029726,HAM_0004102,train
ISIC_0024853,HAM_0000645,holdout
ISIC_0028916,HAM_0006208,train
ISIC_0028029,HAM_0007243,train
ISIC_0030824,HAM_0000330,holdout
ISIC_0024537,HAM_0001729,train
ISIC_0032408,HAM_0002115,holdout
ISIC_0024732,HAM_0002509,train
ISIC_0025265,HAM_0002770,train
ISIC_0026236,HAM_0005785,train
ISIC_0028317,HAM_0005752,train
ISIC_0028969,HAM_0005328,train
ISIC_0030324,HAM_0005095,train
ISIC_0025394,HAM_0003376,train
ISIC_0027260,HAM_0002391,train
ISIC_0026963,HAM_0001741,train
ISIC_0024310,HAM_0003350,holdout
ISIC_0024865,HAM_0001734,train
ISIC_0025324,HAM_0004121,holdout
ISIC_0025589,HAM_0004397,holdout
ISIC_0024756,HAM_0007272,train
ISIC_0029453,HAM_0005719,train
ISIC_0033573,HAM_0006435,train
ISIC_0026086,HAM_0005403,train
ISIC_0025035,HAM_0007073,train
ISIC_0027776,HAM_0003622,train
ISIC_0025835,HAM_0001456,train
ISIC_0032847,HAM_0002004,train
ISIC_0030575,HAM_0002032,train
ISIC_0033931,HAM_0005490,holdout
ISIC_0032750,HAM_0007163,holdout
ISIC_0032888,HAM_0002939,train
ISIC_0033333,HAM_0006445,train
ISIC_0032532,HAM_0004405,train
ISIC_0033678,HAM_0001412,train
ISIC_0032550,HAM_0000179,holdout
ISIC_0026188,HAM_0001409,holdout
ISIC_0032604,HAM_0003083,train
ISIC_0028746,HAM_0000878,train
ISIC_0033278,HAM_0003983,train
ISIC_0032629,HAM_0000483,train
ISIC_0033152,HAM_0001135,holdout
ISIC_0033636,HAM_0005500,train
ISIC_0029909,HAM_0001266,train
ISIC_0032833,HAM_0005893,train
ISIC_0033027,HAM_0001174,train
ISIC_0025987,HAM_0002824,holdout
ISIC_0032017,HAM_0007368,holdout
ISIC_0032447,HAM_0007343,train
ISIC_0032187,HAM_0000006,train
ISIC_0026745,HAM_0006330,holdout
ISIC_0033034,HAM_0007032,train
ISIC_0032662,HAM_0003386,holdout
ISIC_0032722,HAM_0005368,holdout
ISIC_0032823,HAM_0006886,holdout
ISIC_0032564,HAM_0000321,train
ISIC_0032984,HAM_0005636,train
ISIC_0033362,HAM_0007234,holdout
ISIC_0033881,HAM_0005545,train
ISIC_0029363,HAM_0005400,holdout
ISIC_0033814,HAM_0002086,holdout
ISIC_0032875,HAM_0003625,train
ISIC_0032685,HAM_0005608,train
ISIC_0032637,HAM_0002956,train
ISIC_0033216,HAM_0000611,train
ISIC_0033154,HAM_0005336,train
ISIC_0027100,HAM_0005352,holdout
ISIC_0032569,HAM_0002235,train
ISIC_0032774,HAM_0000048,holdout
ISIC_0032840,HAM_0003679,train
ISIC_0032602,HAM_0004811,train
ISIC_0033180,HAM_0005010,train
ISIC_0033325,HAM_0005777,holdout
ISIC_0033068,HAM_0002671,train
ISIC_0033103,HAM_0000097,holdout
ISIC_0032537,HAM_0001928,train
ISIC_0032586,HAM_0005758,train
ISIC_0033175,HAM_0003556,train
ISIC_0032892,HAM_0003354,train
ISIC_0033473,HAM_0000322,holdout
ISIC_0030564,HAM_0005613,holdout
ISIC_0033337,HAM_0005581,holdout
ISIC_0029209,HAM_0000319,train
ISIC_0026976,HAM_0000358,train
ISIC_0032841,HAM_0003280,train
ISIC_0032544,HAM_0000388,train
ISIC_0032921,HAM_0004927,holdout
ISIC_0032522,HAM_0005303,train
ISIC_0033063,HAM_0005280,train
ISIC_0033174,HAM_0006321,train
ISIC_0032726,HAM_0007180,holdout
ISIC_0032718,HAM_0003202,train
ISIC_0033317,HAM_0000662,train
ISIC_0032598,HAM_0006545,train
ISIC_0032533,HAM_0003602,train
ISIC_0024900,HAM_0004593,holdout
ISIC_0033578,HAM_0004571,train
ISIC_0032940,HAM_0005628,train
ISIC_0032511,HAM_0003620,train
ISIC_0033299,HAM_0000107,train
ISIC_0033479,HAM_0004321,train
ISIC_0032638,HAM_0005711,holdout
ISIC_0032603,HAM_0000064,train
ISIC_0032812,HAM_0005748,train
ISIC_0033038,HAM_0003466,train
ISIC_0032879,HAM_0004984,train
ISIC_0034012,HAM_0006011,train
ISIC_0032699,HAM_0001465,holdout
ISIC_0032622,HAM_0000002,train
ISIC_0032915,HAM_0001524,train
ISIC_0032981,HAM_0004949,train
ISIC_0033470,HAM_0003421,train
ISIC_0032716,HAM_0000553,train
ISIC_0024482,HAM_0007054,train
ISIC_0033477,HAM_0007021,train
ISIC_0033267,HAM_0007086,train
ISIC_0034005,HAM_0006763,train
ISIC_0032617,HAM_0006101,holdout
ISIC_0032965,HAM_0005483,train
ISIC_0032547,HAM_0002993,holdout
ISIC_0032913,HAM_0004881,train
ISIC_0033304,HAM_0004998,train
ISIC_0032806,HAM_0005970,train
ISIC_0033238,HAM_0007574,train
ISIC_0033905,HAM_0000042,train
ISIC_0033336,HAM_0003506,train
ISIC_0033269,HAM_0006189,train
ISIC_0032535,HAM_0006566,holdout
ISIC_0033042,HAM_0002149,train
ISIC_0033217,HAM_0005141,holdout
ISIC_0033728,HAM_0005256,train
ISIC_0032917,HAM_0002342,holdout
ISIC_0032596,HAM_0001863,train
ISIC_0033324,HAM_0004304,train
ISIC_0033469,HAM_0006437,train
ISIC_0032517,HAM_0004240,train
ISIC_0032684,HAM_0003566,train
ISIC_0033017,HAM_0002732,train
ISIC_0032938,HAM_0004687,train
ISIC_0025531,HAM_0004767,train
ISIC_0032610,HAM_0006802,train
ISIC_0032958,HAM_0006824,train
ISIC_0032836,HAM_0003073,train
ISIC_0033426,HAM_0001143,train
ISIC_0033546,HAM_0000055,holdout
ISIC_0032869,HAM_0003495,train
ISIC_0030333,HAM_0004853,holdout
ISIC_0033310,HAM_0000119,holdout
ISIC_0027306,HAM_0006097,holdout
ISIC_0033081,HAM_0007583,holdout
ISIC_0028410,HAM_0007558,train
ISIC_0026430,HAM_0007570,train
ISIC_0032766,HAM_0005274,train
ISIC_0028655,HAM_0007102,train
ISIC_0032531,HAM_0005409,train
ISIC_0027402,HAM_0006556,train
ISIC_0032845,HAM_0006376,train
ISIC_0034036,HAM_0003843,train
ISIC_0030238,HAM_0000375,train
ISIC_0029265,HAM_0001272,train
ISIC_0032462,HAM_0001274,train
ISIC_0033704,HAM_0001280,train
ISIC_0034239,HAM_0004578,train
ISIC_0031479,HAM_0000274,train
ISIC_0032526,HAM_0005249,holdout
ISIC_0033813,HAM_0000423,train
ISIC_0032624,HAM_0004129,train
ISIC_0025592,HAM_0001105,train
ISIC_0034049,HAM_0007589,train
ISIC_0029606,HAM_0003700,holdout
ISIC_0032597,HAM_0005992,train
ISIC_0032653,HAM_0002841,train
ISIC_0032709,HAM_0004284,train
ISIC_0033518,HAM_0002952,train
ISIC_0032988,HAM_0006540,train
ISIC_0033653,HAM_0004859,holdout
ISIC_0032698,HAM_0001686,train
ISIC_0033226,HAM_0000799,holdout
ISIC_0032790,HAM_0004754,train
ISIC_0030883,HAM_0004326,train
ISIC_0028582,HAM_0004302,train
ISIC_0029740,HAM_0003225,train
ISIC_0032509,HAM_0003335,train
ISIC_0032873,HAM_0003174,train
ISIC_0033368,HAM_0005809,holdout
ISIC_0032630,HAM_0003759,train
ISIC_0032592,HAM_0006923,train
ISIC_0033024,HAM_0006184,train
ISIC_0033878,HAM_0003351,holdout
ISIC_0032687,HAM_0001344,train
ISIC_0032922,HAM_0006426,train
ISIC_0032672,HAM_0006517,holdout
ISIC_0033520,HAM_0006462,holdout
ISIC_0033487,HAM_0005673,train
ISIC_0033568,HAM_0005627,holdout
ISIC_0033377,HAM_0004056,train
ISIC_0033393,HAM_0002617,train
ISIC_0032626,HAM_0005953,train
ISIC_0034062,HAM_0004914,train
ISIC_0033051,HAM_0001506,train
ISIC_0033050,HAM_0003439,train
ISIC_0032862,HAM_0000176,train
ISIC_0027149,HAM_0007592,train
ISIC_0027234,HAM_0005681,train
ISIC_0032690,HAM_0000706,train
ISIC_0028520,HAM_0001793,holdout
ISIC_0032645,HAM_0002488,train
ISIC_0031784,HAM_0002051,train
ISIC_0033440,HAM_0000392,holdout
ISIC_0033533,HAM_0001974,train
ISIC_0033454,HAM_0005021,holdout
ISIC_0032960,HAM_0000169,train
ISIC_0031741,HAM_0006400,train
ISIC_0033037,HAM_0004109,holdout
ISIC_0033424,HAM_0000079,train
ISIC_0032975,HAM_0001647,train
ISIC_0034050,HAM_0002723,holdout
ISIC_0032559,HAM_0000709,holdout
ISIC_0030150,HAM_0005124,train
ISIC_0033394,HAM_0004844,holdout
ISIC_0033122,HAM_0004620,train
ISIC_0026081,HAM_0000337,train
ISIC_0033302,HAM_0005040,train
ISIC_0033431,HAM_0000206,holdout
ISIC_0033089,HAM_0000880,train
ISIC_0033885,HAM_0005737,train
ISIC_0027204,HAM_0001532,holdout
ISIC_0032987,HAM_0001155,holdout
ISIC_0032872,HAM_0001570,train
ISIC_0033023,HAM_0004011,train
ISIC_0031186,HAM_0000988,train
ISIC_0032870,HAM_0007245,train
ISIC_0033856,HAM_0002377,train
ISIC_0024929,HAM_0001753,train
ISIC_0028148,HAM_0003176,holdout
ISIC_0027069,HAM_0005926,train
ISIC_0029502,HAM_0003617,train
ISIC_0024459,HAM_0005846,train
ISIC_0029933,HAM_0007305,train
ISIC_0026545,HAM_0001299,train
ISIC_0026268,HAM_0001428,holdout
ISIC_0027282,HAM_0006017,train
ISIC_0029092,HAM_0004427,train
ISIC_0025708,HAM_0006593,train
ISIC_0024806,HAM_0000373,train
ISIC_0028584,HAM_0001819,train
ISIC_0027838,HAM_0007016,train
ISIC_0025472,HAM_0000433,train
ISIC_0028173,HAM_0005927,train
ISIC_0025520,HAM_0005600,train
ISIC_0032466,HAM_0005061,train
ISIC_0026770,HAM_0002491,train
ISIC_0028463,HAM_0002186,train
ISIC_0024640,HAM_0005467,train
ISIC_0024823,HAM_0004779,holdout
ISIC_0029914,HAM_0006626,train
ISIC_0024930,HAM_0002196,train
ISIC_0024449,HAM_0001950,holdout
ISIC_0026500,HAM_0002834,train
ISIC_0024999,HAM_0001986,holdout
ISIC_0027622,HAM_0006467,train
ISIC_0024688,HAM_0001444,train
ISIC_0024552,HAM_0000653,train
ISIC_0026438,HAM_0004850,holdout
ISIC_0027669,HAM_0002711,train
ISIC_0031408,HAM_0000201,holdout
ISIC_0025313,HAM_0001378,train
ISIC_0027144,HAM_0005064,train
ISIC_0025085,HAM_0000888,train
ISIC_0025097,HAM_0000775,train
ISIC_0029819,HAM_0007586,holdout
ISIC_0026167,HAM_0003400,train
ISIC_0025121,HAM_0004642,train
ISIC_0027673,HAM_0002430,holdout
ISIC_0024701,HAM_0000917,holdout
ISIC_0027561,HAM_0004565,train
ISIC_0025439,HAM_0001214,holdout
ISIC_0030187,HAM_0002622,train
ISIC_0030970,HAM_0003497,train
ISIC_0030754,HAM_0007502,train
ISIC_0030034,HAM_0006207,holdout
ISIC_0029397,HAM_0006538,train
ISIC_0025316,HAM_0003761,train
ISIC_0029316,HAM_0006978,train
ISIC_0027552,HAM_0007091,holdout
ISIC_0026954,HAM_0003194,train
ISIC_0028760,HAM_0006088,train
ISIC_0028965,HAM_0004281,holdout
ISIC_0027793,HAM_0006870,holdout
ISIC_0028003,HAM_0003484,train
ISIC_0025145,HAM_0002477,holdout
ISIC_0029013,HAM_0003522,holdout
ISIC_0031077,HAM_0005826,holdout
ISIC_0031999,HAM_0003531,train
ISIC_0030366,HAM_0002764,train
ISIC_0028481,HAM_0000396,train
ISIC_0031565,HAM_0000442,train
ISIC_0027302,HAM_0006497,holdout
ISIC_0028548,HAM_0000133,train
ISIC_0030512,HAM_0006833,train
ISIC_0029591,HAM_0005121,train
ISIC_0030932,HAM_0000241,train
ISIC_0028899,HAM_0000863,train
ISIC_0032036,HAM_0004637,train
ISIC_0024644,HAM_0004171,train
ISIC_0031543,HAM_0007188,train
ISIC_0027065,HAM_0005533,train
ISIC_0028228,HAM_0003608,train
ISIC_0030107,HAM_0004888,holdout
ISIC_0028537,HAM_0000856,train
ISIC_0025238,HAM_0004817,holdout
ISIC_0029698,HAM_0005425,holdout
ISIC_0029937,HAM_0000766,train
ISIC_0026207,HAM_0002696,holdout
ISIC_0028543,HAM_0004669,train
ISIC_0025651,HAM_0000075,train
ISIC_0027900,HAM_0000563,train
ISIC_0030360,HAM_0000220,train
ISIC_0029843,HAM_0006257,train
ISIC_0028718,HAM_0006380,train
ISIC_0025748,HAM_0002752,train
ISIC_0027130,HAM_0004654,train
ISIC_0029454,HAM_0007019,train
ISIC_0028051,HAM_0006636,train
ISIC_0026094,HAM_0006696,train
ISIC_0024571,HAM_0006699,holdout
ISIC_0027155,HAM_0000282,train
ISIC_0027328,HAM_0004651,train
ISIC_0030501,HAM_0000887,train
ISIC_0024546,HAM_0000952,train
ISIC_0024525,HAM_0005540,train
ISIC_0030382,HAM_0005640,train
ISIC_0029033,HAM_0002719,train
ISIC_0029146,HAM_0002079,train
ISIC_0029089,HAM_0000624,train
ISIC_0027030,HAM_0004254,train
ISIC_0024516,HAM_0002523,train
ISIC_0032420,HAM_0003055,train
ISIC_0025248,HAM_0006196,holdout
ISIC_0028418,HAM_0007114,train
ISIC_0025268,HAM_0003749,train
ISIC_0025800,HAM_0004021,train
ISIC_0024940,HAM_0002375,holdout
ISIC_0024351,HAM_0001349,holdout
ISIC_0030110,HAM_0001655,holdout
ISIC_0025132,HAM_0000247,train
ISIC_0028306,HAM_0007238,train
ISIC_0026916,HAM_0000320,train
ISIC_0027702,HAM_0006004,train
ISIC_0024961,HAM_0006006,holdout
ISIC_0029319,HAM_0005315,train
ISIC_0025127,HAM_0002436,train
ISIC_0029318,HAM_0002609,train
ISIC_0026796,HAM_0001397,train
ISIC_0029839,HAM_0002113,train
ISIC_0026604,HAM_0002906,holdout
ISIC_0026877,HAM_0004354,train
ISIC_0027964,HAM_0000125,holdout
ISIC_0030784,HAM_0005078,train
ISIC_0031146,HAM_0005006,train
ISIC_0025755,HAM_0003095,holdout
ISIC_0024952,HAM_0007488,holdout
ISIC_0025546,HAM_0007498,train
ISIC_0031239,HAM_0000767,train
ISIC_0026868,HAM_0005251,train
ISIC_0027742,HAM_0005203,train
ISIC_0027105,HAM_0005747,holdout
ISIC_0031529,HAM_0001657,train
ISIC_0027420,HAM_0001551,holdout
ISIC_0028898,HAM_0001069,train
ISIC_0027071,HAM_0001596,train
ISIC_0030616,HAM_0005623,train
ISIC_0025391,HAM_0005535,holdout
ISIC_0032192,HAM_0007070,train
ISIC_0024323,HAM_0002493,holdout
ISIC_0024313,HAM_0002869,train
ISIC_0026746,HAM_0000588,train
ISIC_0026774,HAM_0007242,train
ISIC_0029238,HAM_0001598,train
ISIC_0027663,HAM_0006355,train
ISIC_0028065,HAM_0000136,train
ISIC_0026571,HAM_0006037,train
ISIC_0031670,HAM_0006130,train
ISIC_0027021,HAM_0006940,train
ISIC_0027573,HAM_0006942,holdout
ISIC_0026847,HAM_0002099,train
ISIC_0026229,HAM_0003445,train
ISIC_0024652,HAM_0003428,train
ISIC_0029353,HAM_0001744,train
ISIC_0027956,HAM_0001791,train
ISIC_0026897,HAM_0002772,holdout
ISIC_0030653,HAM_0003957,train
ISIC_0025732,HAM_0001976,train
ISIC_0030950,HAM_0006160,train
ISIC_0025195,HAM_0006594,train
ISIC_0026652,HAM_0001835,holdout
ISIC_0025409,HAM_0001877,train
ISIC_0028709,HAM_0002197,train
ISIC_0025814,HAM_0002194,train
ISIC_0031550,HAM_0002693,train
ISIC_0028227,HAM_0006877,holdout
ISIC_0027163,HAM_0006964,train
ISIC_0024647,HAM_0006764,train
ISIC_0028567,HAM_0001814,holdout
ISIC_0028103,HAM_0002338,train
ISIC_0030695,HAM_0004164,holdout
ISIC_0024554,HAM_0004507,train
ISIC_0030183,HAM_0005532,train
ISIC_0024679,HAM_0000593,train
ISIC_0026690,HAM_0000619,train
ISIC_0026239,HAM_0002800,holdout
ISIC_0029495,HAM_0002817,train
ISIC_0031350,HAM_0003435,holdout
ISIC_0025832,HAM_0003172,train
ISIC_0029574,HAM_0005986,train
ISIC_0027179,HAM_0006061,train
ISIC_0026930,HAM_0002970,holdout
ISIC_0030246,HAM_0003149,holdout
ISIC_0028218,HAM_0003256,holdout
ISIC_0024805,HAM_0005724,train
ISIC_0025543,HAM_0005735,train
ISIC_0026870,HAM_0003587,train
ISIC_0026738,HAM_0006137,train
ISIC_0025663,HAM_0006171,train
ISIC_0025105,HAM_0006955,train
ISIC_0028860,HAM_0006779,train
ISIC_0031561,HAM_0006744,train
ISIC_0025766,HAM_0003869,train
ISIC_0027560,HAM_0003885,train
ISIC_0025573,HAM_0004936,train
ISIC_0032207,HAM_0000513,train
ISIC_0024733,HAM_0001964,holdout
ISIC_0027480,HAM_0005504,holdout
ISIC_0031931,HAM_0005692,train
ISIC_0026558,HAM_0004709,train
ISIC_0030002,HAM_0005746,train
ISIC_0029271,HAM_0005783,train
ISIC_0028033,HAM_0005789,train
ISIC_0027507,HAM_0003601,train
ISIC_0026802,HAM_0004878,train
ISIC_0027904,HAM_0007522,holdout
ISIC_0024333,HAM_0007511,train
ISIC_0024932,HAM_0004898,holdout
ISIC_0028220,HAM_0004559,train
ISIC_0030507,HAM_0000517,train
ISIC_0028666,HAM_0004622,train
ISIC_0026735,HAM_0007293,holdout
ISIC_0028352,HAM_0006423,train
ISIC_0029094,HAM_0006527,train
ISIC_0025128,HAM_0006899,holdout
ISIC_0026045,HAM_0005909,holdout
ISIC_0028508,HAM_0001607,holdout
ISIC_0028897,HAM_0002109,train
ISIC_0025791,HAM_0006223,train
ISIC_0030901,HAM_0002131,train
ISIC_0031900,HAM_0001113,train
ISIC_0025724,HAM_0003520,holdout
ISIC_0029570,HAM_0002130,train
ISIC_0025414,HAM_0002576,train
ISIC_0026475,HAM_0006965,train
ISIC_0024410,HAM_0007530,holdout
ISIC_0028930,HAM_0002591,train
ISIC_0024864,HAM_0003167,train
ISIC_0031377,HAM_0000022,train
ISIC_0024958,HAM_0002613,train
ISIC_0030951,HAM_0000590,holdout
ISIC_0031957,HAM_0004081,train
ISIC_0031303,HAM_0004547,train
ISIC_0027067,HAM_0004053,train
ISIC_0027187,HAM_0004596,holdout
ISIC_0025235,HAM_0000534,train
ISIC_0028915,HAM_0006832,holdout
ISIC_0026647,HAM_0001095,holdout
ISIC_0025317,HAM_0004428,train
ISIC_0028764,HAM_0004746,holdout
ISIC_0027359,HAM_0000536,holdout
ISIC_0025616,HAM_0007031,train
ISIC_0026823,HAM_0003504,train
ISIC_0030929,HAM_0003530,holdout
ISIC_0028493,HAM_0003534,train
ISIC_0024739,HAM_0001910,train
ISIC_0025188,HAM_0002525,holdout
ISIC_0029272,HAM_0002911,train
ISIC_0025709,HAM_0003102,train
ISIC_0025500,HAM_0004047,train
ISIC_0025941,HAM_0003171,holdout
ISIC_0027832,HAM_0003509,train
ISIC_0027797,HAM_0000910,train
ISIC_0025611,HAM_0001953,holdout
ISIC_0025177,HAM_0001248,train
ISIC_0029018,HAM_0003246,train
ISIC_0026346,HAM_0002729,train
ISIC_0032294,HAM_0007448,train
ISIC_0027112,HAM_0004886,train
ISIC_0028247,HAM_0003155,train
ISIC_0026819,HAM_0007112,train
ISIC_0027501,HAM_0006032,train
ISIC_0027855,HAM_0000965,train
ISIC_0026730,HAM_0003277,train
ISIC_0026519,HAM_0007255,train
ISIC_0027062,HAM_0000288,holdout
ISIC_0025638,HAM_0007003,train
ISIC_0024597,HAM_0003303,train
ISIC_0030629,HAM_0004935,train
ISIC_0029534,HAM_0000854,train
ISIC_0026367,HAM_0007311,train
ISIC_0025621,HAM_0006439,train
ISIC_0024594,HAM_0000892,train
ISIC_0025702,HAM_0006347,train
ISIC_0025173,HAM_0000376,train
ISIC_0027644,HAM_0001107,train
ISIC_0031091,HAM_0000174,train
ISIC_0028576,HAM_0001684,holdout
ISIC_0026726,HAM_0007202,holdout
ISIC_0031247,HAM_0002698,holdout
ISIC_0027305,HAM_0004997,train
ISIC_0028918,HAM_0001141,train
ISIC_0028293,HAM_0000476,holdout
ISIC_0032342,HAM_0004410,train
ISIC_0027264,HAM_0005360,train
ISIC_0026012,HAM_0000028,train
ISIC_0025779,HAM_0000960,holdout
ISIC_0026140,HAM_0002973,holdout
ISIC_0026251,HAM_0004380,train
ISIC_0027640,HAM_0003230,train
ISIC_0024842,HAM_0000977,holdout
ISIC_0027406,HAM_0004524,train
ISIC_0027249,HAM_0001869,train
ISIC_0029374,HAM_0006738,train
ISIC_0028194,HAM_0001100,train
ISIC_0026569,HAM_0006150,holdout
ISIC_0027848,HAM_0000930,train
ISIC_0028430,HAM_0004267,holdout
ISIC_0024642,HAM_0000947,train
ISIC_0028633,HAM_0001563,train
ISIC_0024798,HAM_0000044,train
ISIC_0027152,HAM_0003091,train
ISIC_0029045,HAM_0000068,train
ISIC_0028010,HAM_0002120,train
ISIC_0026552,HAM_0000900,train
ISIC_0024891,HAM_0004763,train
ISIC_0024934,HAM_0002652,train
ISIC_0028461,HAM_0000072,train
ISIC_0027684,HAM_0003692,train
ISIC_0031678,HAM_0004318,train
ISIC_0028154,HAM_0002856,train
ISIC_0025672,HAM_0007123,holdout
ISIC_0027240,HAM_0005237,train
ISIC_0028332,HAM_0006197,holdout
ISIC_0030609,HAM_0001813,train
ISIC_0027987,HAM_0006457,train
ISIC_0024314,HAM_0002198,train
ISIC_0031663,HAM_0002946,train
ISIC_0025568,HAM_0005162,train
ISIC_0027077,HAM_0003848,train
ISIC_0029366,HAM_0001342,train
ISIC_0027679,HAM_0005937,holdout
ISIC_0024604,HAM_0003767,train
ISIC_0027734,HAM_0002670,holdout
ISIC_0030786,HAM_0000682,train
ISIC_0027662,HAM_0002314,train
ISIC_0029104,HAM_0003221,holdout
ISIC_0030874,HAM_0002489,holdout
ISIC_0024697,HAM_0006108,train
ISIC_0026223,HAM_0000464,train
ISIC_0024789,HAM_0004575,train
ISIC_0026080,HAM_0004762,train
ISIC_0027312,HAM_0003327,train
ISIC_0031143,HAM_0006853,train
ISIC_0029854,HAM_0003933,train
ISIC_0027911,HAM_0002942,train
ISIC_0026874,HAM_0001542,train
ISIC_0031435,HAM_0004747,train
ISIC_0029615,HAM_0006735,holdout
ISIC_0026389,HAM_0005447,train
ISIC_0025428,HAM_0005339,holdout
ISIC_0025847,HAM_0005609,holdout
ISIC_0027403,HAM_0006359,train
ISIC_0024618,HAM_0006030,train
ISIC_0030355,HAM_0002159,train
ISIC_0024906,HAM_0002217,holdout
ISIC_0024813,HAM_0006742,train
ISIC_0028401,HAM_0005342,holdout
ISIC_0028367,HAM_0003912,holdout
ISIC_0024986,HAM_0000837,train
ISIC_0025254,HAM_0006914,train
ISIC_0031660,HAM_0001316,train
ISIC_0024824,HAM_0005188,holdout
ISIC_0026376,HAM_0004418,holdout
ISIC_0025809,HAM_0004663,train
ISIC_0025108,HAM_0007476,train
ISIC_0031385,HAM_0003684,train
ISIC_0027878,HAM_0007189,train
ISIC_0027738,HAM_0006389,train
ISIC_0027497,HAM_0004699,train
ISIC_0028371,HAM_0007464,holdout
ISIC_0029475,HAM_0006397,train
ISIC_0024378,HAM_0001580,train
ISIC_0027010,HAM_0006711,train
ISIC_0026006,HAM_0003583,train
ISIC_0030064,HAM_0006048,holdout
ISIC_0027861,HAM_0003343,train
ISIC_0031817,HAM_0004461,train
ISIC_0029409,HAM_0003677,train
ISIC_0026541,HAM_0006974,holdout
ISIC_0025367,HAM_0005859,train
ISIC_0025335,HAM_0007356,train
ISIC_0025588,HAM_0002207,train
ISIC_0029825,HAM_0003475,train
ISIC_0024714,HAM_0002715,train
ISIC_0025687,HAM_0002097,holdout
ISIC_0024855,HAM_0003627,train
ISIC_0031959,HAM_0001088,holdout
ISIC_0026561,HAM_0004546,train
ISIC_0025129,HAM_0006826,train
ISIC_0027209,HAM_0001849,train
ISIC_0032443,HAM_0005484,train
ISIC_0028851,HAM_0007028,holdout
ISIC_0027408,HAM_0001696,holdout
ISIC_0030793,HAM_0001712,holdout
ISIC_0025370,HAM_0004869,train
ISIC_0027410,HAM_0005227,train
ISIC_0027103,HAM_0000589,train
ISIC_0027244,HAM_0006484,train
ISIC_0025870,HAM_0007606,train
ISIC_0031380,HAM_0007295,holdout
ISIC_0029543,HAM_0007419,train
ISIC_0029223,HAM_0006747,train
ISIC_0028488,HAM_0001975,holdout
ISIC_0024387,HAM_0004156,train
ISIC_0028528,HAM_0000324,train
ISIC_0026148,HAM_0002975,train
ISIC_0024723,HAM_0007373,train
ISIC_0026382,HAM_0003222,train
ISIC_0029720,HAM_0000230,train
ISIC_0024924,HAM_0004724,holdout
ISIC_0031094,HAM_0005056,holdout
ISIC_0031676,HAM_0007553,train
ISIC_0031592,HAM_0000569,holdout
ISIC_0027099,HAM_0001623,train
ISIC_0024664,HAM_0001604,holdout
ISIC_0026303,HAM_0001680,train
ISIC_0025008,HAM_0002349,holdout
ISIC_0028804,HAM_0006618,train
ISIC_0026911,HAM_0006303,train
ISIC_0026781,HAM_0002575,train
ISIC_0026777,HAM_0000928,train
ISIC_0025327,HAM_0001971,train
ISIC_0027571,HAM_0007579,train
ISIC_0025812,HAM_0001767,holdout
ISIC_0028759,HAM_0006185,train
ISIC_0029194,HAM_0002484,train
ISIC_0024340,HAM_0001160,holdout
ISIC_0025823,HAM_0007425,holdout
ISIC_0027034,HAM_0007426,train
ISIC_0025094,HAM_0002067,holdout
ISIC_0026215,HAM_0005519,train
ISIC_0028534,HAM_0003653,holdout
ISIC_0031713,HAM_0006145,holdout
ISIC_0029976,HAM_0002323,train
ISIC_0026633,HAM_0007548,train
ISIC_0027421,HAM_0001968,train
ISIC_0025689,HAM_0006629,train
ISIC_0026055,HAM_0006605,holdout
ISIC_0028145,HAM_0003175,train
ISIC_0027709,HAM_0007312,holdout
ISIC_0025834,HAM_0006837,train
ISIC_0029982,HAM_0005886,train
ISIC_0028368,HAM_0002409,train
ISIC_0025547,HAM_0003299,holdout
ISIC_0026826,HAM_0004761,train
ISIC_0028961,HAM_0005561,train
ISIC_0025909,HAM_0006856,train
ISIC_0028045,HAM_0003892,train
ISIC_0026743,HAM_0000261,train
ISIC_0025671,HAM_0004783,train
ISIC_0026341,HAM_0002176,train
ISIC_0025789,HAM_0007249,train
ISIC_0029435,HAM_0006062,holdout
ISIC_0026608,HAM_0001497,train
ISIC_0028235,HAM_0002231,train
ISIC_0025850,HAM_0005611,train
ISIC_0025905,HAM_0004138,train
ISIC_0028098,HAM_0002541,train
ISIC_0025631,HAM_0006312,train
ISIC_0030473,HAM_0005244,train
ISIC_0025907,HAM_0002658,holdout
ISIC_0030350,HAM_0006822,train
ISIC_0024831,HAM_0007468,holdout
ISIC_0025156,HAM_0002106,train
ISIC_0031440,HAM_0002100,holdout
ISIC_0027852,HAM_0005060,train
ISIC_0025300,HAM_0006221,holdout
ISIC_0028823,HAM_0007138,train
ISIC_0032910,HAM_0006882,train
ISIC_0024615,HAM_0003308,train
ISIC_0029354,HAM_0000269,holdout
ISIC_0024317,HAM_0003951,train
ISIC_0027024,HAM_0005034,holdout
ISIC_0025402,HAM_0002703,train
ISIC_0033112,HAM_0005686,train
ISIC_0030326,HAM_0000262,holdout
ISIC_0025598,HAM_0004986,train
ISIC_0033356,HAM_0005213,train
ISIC_0030303,HAM_0005143,train
ISIC_0026544,HAM_0002581,holdout
ISIC_0025352,HAM_0005159,train
ISIC_0025158,HAM_0007300,train
ISIC_0026403,HAM_0003663,train
ISIC_0025641,HAM_0003468,train
ISIC_0026494,HAM_0003156,holdout
ISIC_0025228,HAM_0004892,train
ISIC_0029422,HAM_0005866,train
ISIC_0031158,HAM_0006709,train
ISIC_0029728,HAM_0006155,train
ISIC_0032181,HAM_0003369,train
ISIC_0031546,HAM_0001192,train
ISIC_0025049,HAM_0001757,train
ISIC_0028287,HAM_0006934,train
ISIC_0026423,HAM_0005267,train
ISIC_0026432,HAM_0006268,train
ISIC_0033315,HAM_0006516,holdout
ISIC_0032540,HAM_0007541,train
ISIC_0032633,HAM_0007462,holdout
ISIC_0033686,HAM_0002494,train
ISIC_0033251,HAM_0001651,train
ISIC_0030462,HAM_0004766,train
ISIC_0032527,HAM_0007451,train
ISIC_0032668,HAM_0006080,train
ISIC_0033555,HAM_0003143,train
ISIC_0032924,HAM_0002363,train
ISIC_0032771,HAM_0000407,train
ISIC_0030845,HAM_0000093,train
ISIC_0032555,HAM_0002616,holdout
ISIC_0033561,HAM_0004708,train
ISIC_0032916,HAM_0002030,train
ISIC_0025619,HAM_0000801,train
ISIC_0032954,HAM_0000704,train
ISIC_0033048,HAM_0001615,train
ISIC_0033032,HAM_0003505,train
ISIC_0031613,HAM_0005408,train
ISIC_0029553,HAM_0005048,train
ISIC_0029953,HAM_0002793,train
ISIC_0033276,HAM_0000304,train
ISIC_0026618,HAM_0006916,train
ISIC_0025456,HAM_0003158,holdout
ISIC_0032871,HAM_0005374,holdout
ISIC_0033165,HAM_0002009,train
ISIC_0027643,HAM_0003215,train
ISIC_0027087,HAM_0005523,train
ISIC_0030851,HAM_0000077,train
ISIC_0033227,HAM_0006634,train
ISIC_0033625,HAM_0005300,train
ISIC_0032362,HAM_0007127,train
ISIC_0032739,HAM_0001790,train
ISIC_0032590,HAM_0005351,train
ISIC_0032914,HAM_0002136,train
ISIC_0032953,HAM_0005116,train
ISIC_0026584,HAM_0000459,train
ISIC_0028110,HAM_0002803,train
ISIC_0025160,HAM_0000268,train
ISIC_0031904,HAM_0005700,train
ISIC_0025239,HAM_0003462,holdout
ISIC_0033308,HAM_0004706,holdout
ISIC_0033331,HAM_0005995,holdout
ISIC_0030546,HAM_0006810,train
ISIC_0032977,HAM_0007444,holdout
ISIC_0032992,HAM_0002923,train
ISIC_0026177,HAM_0006583,train
ISIC_0026979,HAM_0002060,holdout
ISIC_0032950,HAM_0001097,holdout
ISIC_0025713,HAM_0003178,train
ISIC_0033003,HAM_0002750,train
ISIC_0033253,HAM_0002434,train
ISIC_0033640,HAM_0002386,train
ISIC_0032664,HAM_0000294,holdout
ISIC_0025778,HAM_0000609,holdout
ISIC_0025309,HAM_0003937,train
ISIC_0031048,HAM_0002567,train
ISIC_0025978,HAM_0000523,holdout
ISIC_0024907,HAM_0007196,holdout
ISIC_0025453,HAM_0006187,train
ISIC_0026883,HAM_0002797,train
ISIC_0025261,HAM_0002796,train
ISIC_0025421,HAM_0000395,train
ISIC_0029405,HAM_0003394,holdout
ISIC_0025525,HAM_0004260,holdout
ISIC_0027847,HAM_0000249,train
ISIC_0024730,HAM_0003188,train
ISIC_0028780,HAM_0000138,train
ISIC_0025871,HAM_0003904,train
ISIC_0026502,HAM_0005107,train
ISIC_0027072,HAM_0004128,train
ISIC_0024344,HAM_0000380,train
ISIC_0026384,HAM_0005127,holdout
ISIC_0029662,HAM_0005298,train
ISIC_0025001,HAM_0003235,holdout
ISIC_0027931,HAM_0001220,train
ISIC_0028500,HAM_0006326,train
ISIC_0025855,HAM_0001279,train
ISIC_0025262,HAM_0005879,train
ISIC_0029348,HAM_0000012,train
ISIC_0030892,HAM_0007350,train
ISIC_0028159,HAM_0006146,holdout
ISIC_0030899,HAM_0004222,train
ISIC_0025117,HAM_0005880,train
ISIC_0032641,HAM_0006147,train
ISIC_0032558,HAM_0006869,train
ISIC_0032951,HAM_0001046,train
ISIC_0032717,HAM_0005363,train
ISIC_0032651,HAM_0004714,train
ISIC_0032710,HAM_0003507,train
ISIC_0032767,HAM_0006520,holdout
ISIC_0032529,HAM_0005942,holdout
ISIC_0032566,HAM_0004574,train
ISIC_0033059,HAM_0001400,train
ISIC_0032743,HAM_0001692,train
ISIC_0033100,HAM_0000313,train
ISIC_0032928,HAM_0002501,holdout
ISIC_0032666,HAM_0002574,train
ISIC_0032901,HAM_0005106,train
ISIC_0032623,HAM_0001484,train
ISIC_0032783,HAM_0006391,train
ISIC_0032595,HAM_0004829,train
ISIC_0033739,HAM_0004296,holdout
ISIC_0033727,HAM_0002206,holdout
ISIC_0033497,HAM_0001697,train
ISIC_0032957,HAM_0004272,train
ISIC_0032753,HAM_0002016,train
ISIC_0033097,HAM_0003993,holdout
ISIC_0032549,HAM_0002244,holdout
ISIC_0032998,HAM_0005265,train
ISIC_0032902,HAM_0005248,holdout
ISIC_0033070,HAM_0006491,train
ISIC_0032612,HAM_0000402,train
ISIC_0032563,HAM_0004963,train
ISIC_0032577,HAM_0003460,train
ISIC_0033753,HAM_0004167,holdout
ISIC_0032619,HAM_0006883,train
ISIC_0032742,HAM_0000579,train
ISIC_0033296,HAM_0005539,train
ISIC_0032937,HAM_0006379,train
ISIC_0032585,HAM_0002721,train
ISIC_0032525,HAM_0005364,train
ISIC_0032770,HAM_0003137,train
ISIC_0032831,HAM_0001321,train
ISIC_0032780,HAM_0006615,holdout
ISIC_0032640,HAM_0002878,train
ISIC_0032568,HAM_0007005,train
ISIC_0032599,HAM_0003352,train
ISIC_0032803,HAM_0005571,train
ISIC_0032516,HAM_0006539,train
ISIC_0032520,HAM_0004548,train
ISIC_0032815,HAM_0004615,train
ISIC_0033210,HAM_0006857,train
ISIC_0032885,HAM_0003713,train
ISIC_0032795,HAM_0005961,train
ISIC_0032728,HAM_0004550,holdout
ISIC_0033748,HAM_0000747,train
ISIC_0032864,HAM_0001218,holdout
ISIC_0033715,HAM_0006980,train
ISIC_0032731,HAM_0007552,train
ISIC_0032735,HAM_0004503,holdout
ISIC_0033182,HAM_0003418,train
ISIC_0034257,HAM_0005905,train
ISIC_0032669,HAM_0007259,train
ISIC_0032551,HAM_0003947,holdout
ISIC_0032749,HAM_0004145,train
ISIC_0032546,HAM_0000547,train
ISIC_0032521,HAM_0005206,train
ISIC_0032989,HAM_0005135,train
ISIC_0033298,HAM_0005433,train
ISIC_0026810,HAM_0007306,holdout
ISIC_0033090,HAM_0001870,train
ISIC_0032683,HAM_0005383,train
ISIC_0032676,HAM_0002641,train
ISIC_0032895,HAM_0003259,holdout
ISIC_0032971,HAM_0003824,holdout
ISIC_0032747,HAM_0001040,train
ISIC_0033373,HAM_0004176,train
ISIC_0032680,HAM_0001358,train
ISIC_0032542,HAM_0003852,train
ISIC_0033382,HAM_0005573,train
ISIC_0032661,HAM_0003606,train
ISIC_0032587,HAM_0003288,train
ISIC_0032838,HAM_0001264,train
ISIC_0032609,HAM_0003512,train
ISIC_0033729,HAM_0000439,holdout
ISIC_0032761,HAM_0001740,train
ISIC_0033096,HAM_0006158,holdout
ISIC_0033265,HAM_0005820,train
ISIC_0032704,HAM_0002890,train
ISIC_0032822,HAM_0001246,train
ISIC_0032560,HAM_0003614,train
ISIC_0033427,HAM_0001641,train
ISIC_0033085,HAM_0003181,train
ISIC_0032980,HAM_0001133,holdout
ISIC_0033983,HAM_0006042,train
ISIC_0025372,HAM_0006120,train
ISIC_0032515,HAM_0007415,train
ISIC_0025009,HAM_0007278,train
ISIC_0032548,HAM_0002253,train
ISIC_0033506,HAM_0003542,train
ISIC_0034190,HAM_0003325,train
ISIC_0033605,HAM_0003884,train
ISIC_0032615,HAM_0001808,train
ISIC_0025587,HAM_0007510,train
ISIC_0032628,HAM_0007483,train
ISIC_0032701,HAM_0005814,train
ISIC_0034017,HAM_0000067,train
ISIC_0034215,HAM_0004088,train
ISIC_0033743,HAM_0001026,train
ISIC_0033833,HAM_0000165,holdout
ISIC_0032512,HAM_0003735,train
ISIC_0033163,HAM_0004221,train
ISIC_0033145,HAM_0001912,train
ISIC_0032646,HAM_0001076,train
ISIC_0032860,HAM_0005331,train
ISIC_0033408,HAM_0007475,holdout
ISIC_0033621,HAM_0001889,holdout
ISIC_0032702,HAM_0004814,train
ISIC_0032818,HAM_0003193,train
ISIC_0033002,HAM_0001511,holdout
ISIC_0032524,HAM_0004411,train
ISIC_0033121,HAM_0001824,train
ISIC_0033694,HAM_0000855,train
ISIC_0032689,HAM_0007367,holdout
ISIC_0032908,HAM_0006666,train
ISIC_0032700,HAM_0005190,train
ISIC_0032608,HAM_0005566,train
ISIC_0032787,HAM_0001935,train
ISIC_0033936,HAM_0000216,train
ISIC_0033357,HAM_0004882,train
ISIC_0033513,HAM_0001683,holdout
ISIC_0033404,HAM_0006623,train
ISIC_0032707,HAM_0007124,train
ISIC_0032786,HAM_0002139,train
ISIC_0033150,HAM_0002367,holdout
ISIC_0032817,HAM_0006372,holdout
ISIC_0032853,HAM_0004773,holdout
ISIC_0032813,HAM_0002582,train
ISIC_0033303,HAM_0005740,train
ISIC_0032584,HAM_0003966,train
ISIC_0033566,HAM_0006873,train
ISIC_0033263,HAM_0005759,holdout
ISIC_0032969,HAM_0000676,train
ISIC_0033447,HAM_0007265,train
ISIC_0032729,HAM_0004716,train
ISIC_0033194,HAM_0003634,train
ISIC_0030420,HAM_0003106,train
ISIC_0033671,HAM_0007562,train
ISIC_0033273,HAM_0001777,train
ISIC_0032579,HAM_0006496,holdout
ISIC_0032659,HAM_0006700,train
ISIC_0032478,HAM_0003254,train
ISIC_0032625,HAM_0007348,train
ISIC_0033202,HAM_0004872,train
ISIC_0032794,HAM_0003133,holdout
ISIC_0032974,HAM_0002135,holdout
ISIC_0032830,HAM_0003002,holdout
ISIC_0028863,HAM_0005651,train
ISIC_0032530,HAM_0003676,train
ISIC_0032650,HAM_0002908,train
ISIC_0032561,HAM_0005194,train
ISIC_0032858,HAM_0007148,train
ISIC_0026279,HAM_0003243,train
ISIC_0032601,HAM_0001645,train
ISIC_0032677,HAM_0006799,train
ISIC_0032769,HAM_0004444,train
ISIC_0033818,HAM_0002208,holdout
ISIC_0032649,HAM_0006567,train
ISIC_0033214,HAM_0005513,train
ISIC_0026429,HAM_0006118,train
ISIC_0025769,HAM_0001943,train
ISIC_0033718,HAM_0003801,train
ISIC_0033075,HAM_0002170,train
ISIC_0033007,HAM_0006550,train
ISIC_0032819,HAM_0001720,holdout
ISIC_0033451,HAM_0003424,train
ISIC_0032714,HAM_0003346,train
ISIC_0033083,HAM_0003803,train
ISIC_0032574,HAM_0000970,train
ISIC_0032582,HAM_0004038,train
ISIC_0033181,HAM_0003097,train
ISIC_0028829,HAM_0006191,train
ISIC_0032994,HAM_0000772,train
ISIC_0033116,HAM_0001905,train
ISIC_0033136,HAM_0007494,holdout
ISIC_0033412,HAM_0005185,train
ISIC_0032737,HAM_0006014,train
ISIC_0033339,HAM_0000316,train
ISIC_0031482,HAM_0005083,train
ISIC_0032639,HAM_0003018,train
ISIC_0032851,HAM_0001908,holdout
ISIC_0033080,HAM_0001667,train
ISIC_0033010,HAM_0004099,train
ISIC_0033434,HAM_0001839,train
ISIC_0033557,HAM_0004424,holdout
ISIC_0032809,HAM_0006078,holdout
ISIC_0032621,HAM_0005760,holdout
ISIC_0025257,HAM_0000639,train
ISIC_0032518,HAM_0003744,train
ISIC_0032934,HAM_0007169,train
ISIC_0033111,HAM_0006628,holdout
ISIC_0032703,HAM_0003447,train
ISIC_0033077,HAM_0007433,train
ISIC_0033343,HAM_0003003,train
ISIC_0033966,HAM_0001673,train
ISIC_0032792,HAM_0006121,train
ISIC_0027837,HAM_0002476,train
ISIC_0033179,HAM_0002898,train
ISIC_0033044,HAM_0001509,train
ISIC_0033599,HAM_0006418,train
ISIC_0032565,HAM_0007299,train
ISIC_0032788,HAM_0003623,holdout
ISIC_0033221,HAM_0005887,train
ISIC_0032920,HAM_0005198,train
ISIC_0033737,HAM_0004303,train
ISIC_0033062,HAM_0002759,train
ISIC_0032758,HAM_0006329,train
ISIC_0032772,HAM_0005496,train
ISIC_0032973,HAM_0002502,train
ISIC_0032593,HAM_0004118,train
ISIC_0033087,HAM_0000578,holdout
ISIC_0033419,HAM_0006182,train
ISIC_0032338,HAM_0004024,train
ISIC_0033224,HAM_0001883,holdout
ISIC_0032657,HAM_0002431,train
ISIC_0032605,HAM_0006334,train
ISIC_0032581,HAM_0006782,train
ISIC_0032865,HAM_0007519,train
ISIC_0033167,HAM_0006813,train
ISIC_0033703,HAM_0005594,holdout
ISIC_0032708,HAM_0003130,holdout
ISIC_0032846,HAM_0006675,train
ISIC_0033435,HAM_0006637,train
ISIC_0033259,HAM_0003535,holdout
ISIC_0033771,HAM_0002015,train
ISIC_0032755,HAM_0004149,train
ISIC_0033724,HAM_0005052,holdout
ISIC_0033102,HAM_0004375,holdout
ISIC_0032494,HAM_0004226,train
ISIC_0034271,HAM_0000443,train
ISIC_0032627,HAM_0003969,train
ISIC_0032884,HAM_0001739,holdout
ISIC_0032713,HAM_0005209,holdout
ISIC_0032670,HAM_0005601,train
ISIC_0034009,HAM_0002915,train
ISIC_0033707,HAM_0002874,holdout
ISIC_0025447,HAM_0003248,holdout
ISIC_0024524,HAM_0000468,train
ISIC_0032962,HAM_0007216,holdout
ISIC_0032911,HAM_0002329,train
ISIC_0030492,HAM_0004043,train
ISIC_0033021,HAM_0002325,train
ISIC_0033281,HAM_0002448,train
ISIC_0033781,HAM_0001211,train
ISIC_0033455,HAM_0006559,train
ISIC_0032673,HAM_0003441,train
ISIC_0032986,HAM_0002519,train
ISIC_0033293,HAM_0001801,train
ISIC_0033026,HAM_0003057,train
ISIC_0033719,HAM_0001708,holdout
ISIC_0032943,HAM_0002417,train
ISIC_0033396,HAM_0004367,train
ISIC_0034033,HAM_0005312,train
ISIC_0032752,HAM_0007052,train
ISIC_0033191,HAM_0001175,train
ISIC_0034209,HAM_0001547,train
ISIC_0033996,HAM_0004172,train
ISIC_0033448,HAM_0002257,train
ISIC_0033036,HAM_0004189,train
ISIC_0033015,HAM_0006396,train
ISIC_0033861,HAM_0004599,holdout
ISIC_0033822,HAM_0000432,train
ISIC_0032594,HAM_0004000,holdout
ISIC_0033407,HAM_0001994,train
ISIC_0032904,HAM_0006284,train
ISIC_0027397,HAM_0003699,train
ISIC_0033740,HAM_0005997,train
ISIC_0032519,HAM_0005715,holdout
ISIC_0032896,HAM_0004063,train
ISIC_0032952,HAM_0003310,train
ISIC_0033851,HAM_0005489,holdout
ISIC_0032966,HAM_0004076,holdout
ISIC_0033250,HAM_0006610,train
ISIC_0032720,HAM_0006295,train
ISIC_0032946,HAM_0003649,holdout
ISIC_0033314,HAM_0001437,holdout
ISIC_0032926,HAM_0001948,holdout
ISIC_0033463,HAM_0007533,train
ISIC_0033033,HAM_0001405,train
ISIC_0033319,HAM_0005972,train
ISIC_0029393,HAM_0001755,train
ISIC_0029306,HAM_0000897,train
ISIC_0024854,HAM_0000226,holdout
ISIC_0030537,HAM_0003997,holdout
ISIC_0026348,HAM_0001002,train
ISIC_0029654,HAM_0000312,train
ISIC_0030023,HAM_0001706,train
ISIC_0028210,HAM_0003857,holdout
ISIC_0029531,HAM_0004412,holdout
ISIC_0030626,HAM_0001031,train
ISIC_0025210,HAM_0006478,train
ISIC_0026761,HAM_0004564,train
ISIC_0031053,HAM_0001052,train
ISIC_0032496,HAM_0005578,holdout
ISIC_0029775,HAM_0002432,train
ISIC_0024424,HAM_0006333,train
ISIC_0028290,HAM_0000348,train
ISIC_0027246,HAM_0002740,train
ISIC_0030156,HAM_0004954,train
ISIC_0024695,HAM_0006529,holdout
ISIC_0031411,HAM_0004675,train
ISIC_0031848,HAM_0001136,train
ISIC_0027755,HAM_0002533,train
ISIC_0025795,HAM_0000054,train
ISIC_0025972,HAM_0007164,holdout
ISIC_0028060,HAM_0005421,train
ISIC_0027582,HAM_0001269,train
ISIC_0028429,HAM_0000279,holdout
ISIC_0030362,HAM_0000135,train
ISIC_0025695,HAM_0003667,holdout
ISIC_0031948,HAM_0001276,train
ISIC_0025045,HAM_0001745,train
ISIC_0031867,HAM_0001012,train
ISIC_0025988,HAM_0001242,holdout
ISIC_0024608,HAM_0000231,train
ISIC_0025267,HAM_0000626,holdout
ISIC_0029814,HAM_0004485,train
ISIC_0025887,HAM_0006390,train
ISIC_0025993,HAM_0005232,train
ISIC_0028540,HAM_0002023,train
ISIC_0029704,HAM_0003745,train
ISIC_0029809,HAM_0004014,holdout
ISIC_0030771,HAM_0001450,train
ISIC_0026049,HAM_0000773,holdout
ISIC_0026125,HAM_0000861,train
ISIC_0029904,HAM_0007079,train
ISIC_0026370,HAM_0000272,train
ISIC_0027505,HAM_0005805,train
ISIC_0030284,HAM_0003192,train
ISIC_0025620,HAM_0001818,holdout
ISIC_0029730,HAM_0002907,train
ISIC_0025618,HAM_0001612,train
ISIC_0028425,HAM_0003867,train
ISIC_0024668,HAM_0005007,train
ISIC_0028538,HAM_0007276,train
ISIC_0025726,HAM_0001120,holdout
ISIC_0025100,HAM_0000448,train
ISIC_0024319,HAM_0003062,train
ISIC_0031206,HAM_0007443,train
ISIC_0030361,HAM_0001470,holdout
ISIC_0031796,HAM_0000410,train
ISIC_0026402,HAM_0001452,train
ISIC_0031923,HAM_0007195,train
ISIC_0028487,HAM_0003891,train
ISIC_0029222,HAM_0003615,train
ISIC_0028573,HAM_0003675,train
ISIC_0024458,HAM_0005590,train
ISIC_0027909,HAM_0000139,train
ISIC_0030305,HAM_0007577,train
ISIC_0030232,HAM_0005092,holdout
ISIC_0030243,HAM_0000721,train
ISIC_0024682,HAM_0004864,holdout
ISIC_0024653,HAM_0003525,train
ISIC_0028625,HAM_0006790,train
ISIC_0030504,HAM_0005014,train
ISIC_0031654,HAM_0005428,train
ISIC_0027348,HAM_0000354,train
ISIC_0027623,HAM_0005907,train
ISIC_0026328,HAM_0002881,train
ISIC_0030074,HAM_0000140,train
ISIC_0025226,HAM_0004919,holdout
ISIC_0027933,HAM_0000070,train
ISIC_0024361,HAM_0005605,train
ISIC_0031703,HAM_0005327,train
ISIC_0026705,HAM_0007275,train
ISIC_0031645,HAM_0001037,train
ISIC_0027248,HAM_0004830,train
ISIC_0026913,HAM_0001134,train
ISIC_0026424,HAM_0001919,train
ISIC_0025734,HAM_0003099,train
ISIC_0027097,HAM_0003016,train
ISIC_0030455,HAM_0000717,train
ISIC_0028581,HAM_0003758,holdout
ISIC_0029431,HAM_0000167,holdout
ISIC_0027285,HAM_0005902,train
ISIC_0024674,HAM_0007096,train
ISIC_0026886,HAM_0001041,train
ISIC_0027003,HAM_0007528,holdout
ISIC_0030264,HAM_0007221,train
ISIC_0026067,HAM_0000431,train
ISIC_0028868,HAM_0004450,train
ISIC_0026419,HAM_0000752,holdout
ISIC_0031521,HAM_0001637,train
ISIC_0028894,HAM_0003639,train
ISIC_0032021,HAM_0000335,train
ISIC_0028692,HAM_0005840,train
ISIC_0029664,HAM_0006754,holdout
ISIC_0024936,HAM_0006363,train
ISIC_0029276,HAM_0004719,train
ISIC_0025133,HAM_0005319,train
ISIC_0025096,HAM_0000182,holdout
ISIC_0028544,HAM_0003044,holdout
ISIC_0029572,HAM_0006020,train
ISIC_0025043,HAM_0007385,train
ISIC_0025227,HAM_0004717,train
ISIC_0024538,HAM_0000397,holdout
ISIC_0031956,HAM_0001588,train
ISIC_0032347,HAM_0007585,train
ISIC_0027398,HAM_0001567,train
ISIC_0024658,HAM_0003127,train
ISIC_0025381,HAM_0002324,train
ISIC_0029027,HAM_0006364,train
ISIC_0027258,HAM_0006547,train
ISIC_0032291,HAM_0000032,holdout
ISIC_0030615,HAM_0001236,train
ISIC_0027925,HAM_0002031,train
ISIC_0024975,HAM_0003276,holdout
ISIC_0028981,HAM_0002187,train
ISIC_0028524,HAM_0003387,holdout
ISIC_0027412,HAM_0000184,train
ISIC_0029257,HAM_0005085,holdout
ISIC_0024846,HAM_0001212,holdout
ISIC_0029313,HAM_0006041,train
ISIC_0026804,HAM_0000924,train
ISIC_0025665,HAM_0002661,train
ISIC_0024503,HAM_0001142,holdout
ISIC_0029566,HAM_0004787,train
ISIC_0027574,HAM_0005794,train
ISIC_0027715,HAM_0006126,train
ISIC_0024753,HAM_0004895,train
ISIC_0030990,HAM_0004665,train
ISIC_0029359,HAM_0001137,train
ISIC_0027800,HAM_0001872,train
ISIC_0024928,HAM_0004239,train
ISIC_0025945,HAM_0003833,train
ISIC_0027226,HAM_0000342,holdout
ISIC_0028263,HAM_0000291,holdout
ISIC_0024366,HAM_0002300,train
ISIC_0027208,HAM_0001715,train
ISIC_0027853,HAM_0004068,train
ISIC_0025078,HAM_0001512,train
ISIC_0024941,HAM_0004133,holdout
ISIC_0024837,HAM_0000509,holdout
ISIC_0026455,HAM_0001027,train
ISIC_0028057,HAM_0001830,train
ISIC_0025020,HAM_0001669,train
ISIC_0030367,HAM_0003320,train
ISIC_0032227,HAM_0000963,train
ISIC_0029865,HAM_0003828,train
ISIC_0025545,HAM_0000751,holdout
ISIC_0025840,HAM_0000618,train
ISIC_0024529,HAM_0004432,holdout
ISIC_0025534,HAM_0000163,train
ISIC_0030135,HAM_0001297,holdout
ISIC_0024355,HAM_0001525,train
ISIC_0024777,HAM_0001895,train
ISIC_0024394,HAM_0002547,holdout
ISIC_0030066,HAM_0007089,train
ISIC_0028944,HAM_0007340,train
ISIC_0025491,HAM_0006608,train
ISIC_0027150,HAM_0003742,holdout
ISIC_0025511,HAM_0002979,train
ISIC_0027707,HAM_0005284,train
ISIC_0027423,HAM_0001157,holdout
ISIC_0024718,HAM_0003345,holdout
ISIC_0024587,HAM_0002645,holdout
ISIC_0025412,HAM_0005110,train
ISIC_0027596,HAM_0004007,train
ISIC_0025240,HAM_0002348,holdout
ISIC_0024349,HAM_0000025,train
ISIC_0026305,HAM_0002216,train
ISIC_0030652,HAM_0002628,train
ISIC_0028362,HAM_0001507,holdout
ISIC_0030894,HAM_0003284,train
ISIC_0027658,HAM_0000222,train
ISIC_0024694,HAM_0001130,train
ISIC_0024793,HAM_0000996,train
ISIC_0024938,HAM_0001817,holdout
ISIC_0027514,HAM_0000637,train
ISIC_0028645,HAM_0000275,train
ISIC_0025683,HAM_0000391,train
ISIC_0030654,HAM_0000597,train
ISIC_0024520,HAM_0003113,train
ISIC_0026487,HAM_0006430,holdout
ISIC_0024721,HAM_0005466,train
ISIC_0027020,HAM_0000188,train
ISIC_0026611,HAM_0002470,holdout
ISIC_0026052,HAM_0005770,train
ISIC_0029661,HAM_0001699,holdout
ISIC_0024518,HAM_0004985,holdout
ISIC_0031623,HAM_0005625,holdout
ISIC_0025047,HAM_0006149,train
ISIC_0028706,HAM_0002986,holdout
ISIC_0027364,HAM_0002150,holdout
ISIC_0029493,HAM_0005761,train
ISIC_0027667,HAM_0000146,holdout
ISIC_0024328,HAM_0002701,train
ISIC_0031559,HAM_0006760,train
ISIC_0028115,HAM_0007168,holdout
ISIC_0029482,HAM_0000211,train
ISIC_0028518,HAM_0002919,train
ISIC_0032305,HAM_0006456,train
ISIC_0028510,HAM_0002835,holdout
ISIC_0024870,HAM_0003686,train
ISIC_0031756,HAM_0004054,train
ISIC_0028999,HAM_0006296,holdout
ISIC_0024406,HAM_0007480,train
ISIC_0028723,HAM_0007160,holdout
ISIC_0027751,HAM_0000143,train
ISIC_0028030,HAM_0007358,train
ISIC_0025942,HAM_0000302,train
ISIC_0025039,HAM_0005457,train
ISIC_0030127,HAM_0004698,train
ISIC_0025969,HAM_0004369,train
ISIC_0031725,HAM_0006706,train
ISIC_0027040,HAM_0004924,train
ISIC_0026888,HAM_0005163,train
ISIC_0026030,HAM_0003580,train
ISIC_0030397,HAM_0005614,holdout
ISIC_0027129,HAM_0007545,train
ISIC_0032427,HAM_0005818,train
ISIC_0032355,HAM_0005888,holdout
ISIC_0024428,HAM_0000923,train
ISIC_0031405,HAM_0002333,train
ISIC_0027897,HAM_0003164,train
ISIC_0031092,HAM_0006492,train
ISIC_0027390,HAM_0005261,train
ISIC_0028758,HAM_0004443,train
ISIC_0028167,HAM_0007456,train
ISIC_0027147,HAM_0000366,holdout
ISIC_0029339,HAM_0000418,train
ISIC_0032184,HAM_0004866,holdout
ISIC_0031399,HAM_0002746,train
ISIC_0025149,HAM_0000904,train
ISIC_0028117,HAM_0006116,train
ISIC_0030621,HAM_0001101,holdout
ISIC_0031510,HAM_0000525,holdout
ISIC_0026209,HAM_0001111,train
ISIC_0031727,HAM_0005855,train
ISIC_0028757,HAM_0003662,train
ISIC_0031483,HAM_0002298,holdout
ISIC_0027323,HAM_0006077,holdout
ISIC_0032274,HAM_0006451,train
ISIC_0032436,HAM_0001207,train
ISIC_0025518,HAM_0003698,train
ISIC_0028825,HAM_0001517,holdout
ISIC_0025181,HAM_0001347,holdout
ISIC_0029867,HAM_0002128,train
ISIC_0031070,HAM_0000632,train
ISIC_0024996,HAM_0005658,train
ISIC_0028092,HAM_0006039,train
ISIC_0027978,HAM_0006470,holdout
ISIC_0027045,HAM_0005016,train
ISIC_0027213,HAM_0002904,train
ISIC_0032176,HAM_0001769,holdout
ISIC_0026784,HAM_0002668,train
ISIC_0025633,HAM_0000783,train
ISIC_0027236,HAM_0001555,train
ISIC_0025742,HAM_0003723,holdout
ISIC_0031798,HAM_0005051,holdout
ISIC_0031015,HAM_0007518,train
ISIC_0028484,HAM_0006258,train
ISIC_0031354,HAM_0002823,holdout
ISIC_0027293,HAM_0004775,train
ISIC_0032163,HAM_0001427,train
ISIC_0026454,HAM_0006210,train
ISIC_0030842,HAM_0006855,train
ISIC_0025562,HAM_0001313,train
ISIC_0028598,HAM_0006633,holdout
ISIC_0026759,HAM_0001656,train
ISIC_0026147,HAM_0006983,train
ISIC_0027874,HAM_0002684,holdout
ISIC_0025340,HAM_0006968,holdout
ISIC_0030967,HAM_0005881,train
ISIC_0030675,HAM_0003568,holdout
ISIC_0032474,HAM_0003282,holdout
ISIC_0030819,HAM_0006302,holdout
ISIC_0025657,HAM_0006730,train
ISIC_0032015,HAM_0005643,train
ISIC_0031285,HAM_0006025,train
ISIC_0030532,HAM_0002766,holdout
ISIC_0028304,HAM_0003005,train
ISIC_0026615,HAM_0002532,train
ISIC_0024862,HAM_0007422,train
ISIC_0029459,HAM_0006884,train
ISIC_0029528,HAM_0003707,train
ISIC_0028135,HAM_0002944,train
ISIC_0026782,HAM_0002110,train
ISIC_0030581,HAM_0002916,train
ISIC_0029438,HAM_0002738,holdout
ISIC_0028715,HAM_0002053,train
ISIC_0029994,HAM_0007080,train
ISIC_0029926,HAM_0004030,train
ISIC_0031934,HAM_0002003,train
ISIC_0026400,HAM_0007167,holdout
ISIC_0027495,HAM_0000508,holdout
ISIC_0029583,HAM_0003585,holdout
ISIC_0028212,HAM_0006266,train
ISIC_0030399,HAM_0005870,train
ISIC_0024937,HAM_0006318,train
ISIC_0032136,HAM_0001458,train
ISIC_0031353,HAM_0000168,train
ISIC_0025960,HAM_0002142,train
ISIC_0025198,HAM_0006408,holdout
ISIC_0029693,HAM_0002305,train
ISIC_0029162,HAM_0005090,holdout
ISIC_0027486,HAM_0000129,train
ISIC_0025410,HAM_0005541,train
ISIC_0026599,HAM_0007144,train
ISIC_0031932,HAM_0004291,train
ISIC_0026987,HAM_0006994,train
ISIC_0027201,HAM_0003446,holdout
ISIC_0024841,HAM_0002368,train
ISIC_0029457,HAM_0001846,train
ISIC_0027237,HAM_0003850,holdout
ISIC_0030525,HAM_0007004,holdout
ISIC_0026901,HAM_0001716,train
ISIC_0025245,HAM_0004020,holdout
ISIC_0030296,HAM_0005795,holdout
ISIC_0028679,HAM_0005239,train
ISIC_0025946,HAM_0002411,train
ISIC_0024899,HAM_0002033,train
ISIC_0026546,HAM_0000971,train
ISIC_0029736,HAM_0003088,train
ISIC_0024343,HAM_0000150,train
ISIC_0025506,HAM_0005393,train
ISIC_0025013,HAM_0001154,train
ISIC_0030796,HAM_0006793,holdout
ISIC_0026592,HAM_0001406,train
ISIC_0030790,HAM_0001730,train
ISIC_0029169,HAM_0002049,train
ISIC_0029197,HAM_0001911,holdout
ISIC_0028408,HAM_0006506,train
ISIC_0028998,HAM_0003253,holdout
ISIC_0025118,HAM_0004909,train
ISIC_0026512,HAM_0003974,holdout
ISIC_0026034,HAM_0002103,train
ISIC_0026404,HAM_0003727,holdout
ISIC_0029183,HAM_0007491,holdout
ISIC_0028420,HAM_0005079,train
ISIC_0032126,HAM_0000045,holdout
ISIC_0026573,HAM_0007001,train
ISIC_0025563,HAM_0006086,holdout
ISIC_0026340,HAM_0000794,train
ISIC_0029298,HAM_0001508,train
ISIC_0028217,HAM_0000763,train
ISIC_0032067,HAM_0007442,train
ISIC_0024790,HAM_0001941,train
ISIC_0028551,HAM_0000667,train
ISIC_0027988,HAM_0007240,train
ISIC_0024963,HAM_0005620,holdout
ISIC_0027114,HAM_0005787,train
ISIC_0032489,HAM_0001327,train
ISIC_0030733,HAM_0006245,holdout
ISIC_0025225,HAM_0000284,train
ISIC_0027569,HAM_0005009,train
ISIC_0026698,HAM_0004824,train
ISIC_0030544,HAM_0003562,train
ISIC_0025305,HAM_0001492,holdout
ISIC_0029978,HAM_0006040,holdout
ISIC_0025926,HAM_0005854,train
ISIC_0024560,HAM_0000886,train
ISIC_0026741,HAM_0005987,holdout
ISIC_0026222,HAM_0005925,train
ISIC_0031117,HAM_0005176,holdout
ISIC_0027308,HAM_0003496,train
ISIC_0031046,HAM_0002657,train
ISIC_0029046,HAM_0004170,train
ISIC_0029138,HAM_0003355,train
ISIC_0029349,HAM_0000771,train
ISIC_0032047,HAM_0005568,train
ISIC_0027963,HAM_0000891,train
ISIC_0024425,HAM_0006342,train
ISIC_0027471,HAM_0005395,train
ISIC_0026706,HAM_0004532,train
ISIC_0032243,HAM_0004701,train
ISIC_0029109,HAM_0003820,train
ISIC_0028675,HAM_0001799,train
ISIC_0030328,HAM_0001334,train
ISIC_0031220,HAM_0001028,train
ISIC_0026654,HAM_0000591,train
ISIC_0029369,HAM_0004505,train
ISIC_0024808,HAM_0000668,train
ISIC_0028297,HAM_0001630,train
ISIC_0026921,HAM_0004275,train
ISIC_0027401,HAM_0007046,train
ISIC_0031942,HAM_0003408,train
ISIC_0028357,HAM_0004283,train
ISIC_0024566,HAM_0005755,train
ISIC_0028507,HAM_0003340,train
ISIC_0026712,HAM_0003980,holdout
ISIC_0032444,HAM_0000949,train
ISIC_0028305,HAM_0001318,holdout
ISIC_0026452,HAM_0003311,holdout
ISIC_0029645,HAM_0000225,train
ISIC_0026398,HAM_0007324,train
ISIC_0026655,HAM_0007036,train
ISIC_0026672,HAM_0003944,train
ISIC_0026099,HAM_0000634,train
ISIC_0024836,HAM_0002291,train
ISIC_0028983,HAM_0000674,train
ISIC_0030416,HAM_0003026,train
ISIC_0026043,HAM_0000362,holdout
ISIC_0031451,HAM_0006401,train
ISIC_0025074,HAM_0000851,train
ISIC_0029544,HAM_0007013,train
ISIC_0028859,HAM_0000336,holdout
ISIC_0031612,HAM_0005873,train
ISIC_0028744,HAM_0002515,holdout
ISIC_0028529,HAM_0002171,train
ISIC_0026588,HAM_0003821,train
ISIC_0030115,HAM_0003822,train
ISIC_0029898,HAM_0004324,train
ISIC_0028364,HAM_0000777,train
ISIC_0024599,HAM_0004839,holdout
ISIC_0024352,HAM_0004897,train
ISIC_0026885,HAM_0000482,train
ISIC_0029286,HAM_0005450,train
ISIC_0025784,HAM_0003652,train
ISIC_0031306,HAM_0000063,holdout
ISIC_0025902,HAM_0005966,train
ISIC_0028631,HAM_0000338,holdout
ISIC_0027490,HAM_0007133,train
ISIC_0026601,HAM_0002899,holdout
ISIC_0024439,HAM_0005631,train
ISIC_0030082,HAM_0006154,train
ISIC_0027568,HAM_0006398,holdout
ISIC_0026053,HAM_0001319,train
ISIC_0025443,HAM_0002497,train
ISIC_0030006,HAM_0003546,holdout
ISIC_0027917,HAM_0003117,train
ISIC_0026097,HAM_0003419,train
ISIC_0026852,HAM_0001001,train
ISIC_0028589,HAM_0002480,train
ISIC_0025846,HAM_0001077,train
ISIC_0024908,HAM_0003241,train
ISIC_0031596,HAM_0002794,train
ISIC_0029881,HAM_0000217,train
ISIC_0031919,HAM_0004681,train
ISIC_0026491,HAM_0005786,holdout
ISIC_0027883,HAM_0001737,train
ISIC_0030535,HAM_0001762,train
ISIC_0026513,HAM_0005910,train
ISIC_0027073,HAM_0004127,train
ISIC_0029959,HAM_0007066,train
ISIC_0024959,HAM_0000485,train
ISIC_0028202,HAM_0004942,holdout
ISIC_0025289,HAM_0006110,train
ISIC_0028689,HAM_0002537,holdout
ISIC_0028151,HAM_0000764,train
ISIC_0028857,HAM_0002107,train
ISIC_0025341,HAM_0006352,holdout
ISIC_0029696,HAM_0005183,holdout
ISIC_0027466,HAM_0001454,holdout
ISIC_0029975,HAM_0005994,holdout
ISIC_0031049,HAM_0001688,train
ISIC_0030219,HAM_0006681,train
ISIC_0025899,HAM_0001552,holdout
ISIC_0028923,HAM_0005730,train
ISIC_0029127,HAM_0003918,train
ISIC_0025476,HAM_0006052,train
ISIC_0025950,HAM_0007477,train
ISIC_0026437,HAM_0006251,train
ISIC_0026414,HAM_0001022,holdout
ISIC_0024926,HAM_0006367,train
ISIC_0025424,HAM_0006464,train
ISIC_0026559,HAM_0006514,train
ISIC_0025396,HAM_0000019,train
ISIC_0031708,HAM_0002865,holdout
ISIC_0027949,HAM_0002087,train
ISIC_0026795,HAM_0003603,train
ISIC_0027181,HAM_0003640,holdout
ISIC_0025983,HAM_0004025,train
ISIC_0026818,HAM_0001330,holdout
ISIC_0032251,HAM_0001764,train
ISIC_0029665,HAM_0000347,train
ISIC_0024356,HAM_0000689,train
ISIC_0024476,HAM_0002007,train
ISIC_0024596,HAM_0004802,train
ISIC_0025051,HAM_0000896,train
ISIC_0026103,HAM_0000039,holdout
ISIC_0029614,HAM_0006684,train
ISIC_0032189,HAM_0006028,train
ISIC_0032281,HAM_0004174,train
ISIC_0030425,HAM_0004946,train
ISIC_0026029,HAM_0004225,train
ISIC_0026610,HAM_0004279,train
ISIC_0028559,HAM_0000913,train
ISIC_0028032,HAM_0003058,train
ISIC_0032145,HAM_0003760,train
ISIC_0028951,HAM_0007116,holdout
ISIC_0028600,HAM_0007268,train
ISIC_0027469,HAM_0005884,holdout
ISIC_0028130,HAM_0007263,holdout
ISIC_0026359,HAM_0007504,train
ISIC_0030444,HAM_0004923,train
ISIC_0024781,HAM_0003919,train
ISIC_0030645,HAM_0003911,train
ISIC_0032292,HAM_0003685,holdout
ISIC_0032107,HAM_0003313,train
ISIC_0031076,HAM_0001961,train
ISIC_0026998,HAM_0006094,train
ISIC_0031838,HAM_0002517,holdout
ISIC_0032028,HAM_0002518,train
ISIC_0028648,HAM_0005670,train
ISIC_0029733,HAM_0005750,holdout
ISIC_0025684,HAM_0006941,train
ISIC_0028476,HAM_0007264,train
ISIC_0027051,HAM_0006972,train
ISIC_0031278,HAM_0001014,train
ISIC_0025798,HAM_0006881,train
ISIC_0029054,HAM_0005822,train
ISIC_0028150,HAM_0002451,train
ISIC_0025214,HAM_0004356,train
ISIC_0026133,HAM_0004833,train
ISIC_0025088,HAM_0002423,train
ISIC_0026964,HAM_0004372,train
ISIC_0028905,HAM_0004399,train
ISIC_0024809,HAM_0003874,train
ISIC_0025310,HAM_0005017,train
ISIC_0027889,HAM_0002490,holdout
ISIC_0026076,HAM_0001361,train
ISIC_0024363,HAM_0004534,holdout
ISIC_0025171,HAM_0005666,train
ISIC_0024969,HAM_0002675,train
ISIC_0032936,HAM_0002552,train
ISIC_0030732,HAM_0006366,holdout
ISIC_0030802,HAM_0004058,train
ISIC_0025169,HAM_0002025,holdout
ISIC_0028441,HAM_0000603,train
ISIC_0030422,HAM_0005980,holdout
ISIC_0031681,HAM_0006069,train
ISIC_0027242,HAM_0003578,train
ISIC_0030313,HAM_0003902,train
ISIC_0025463,HAM_0007075,train
ISIC_0028179,HAM_0007049,train
ISIC_0030008,HAM_0007317,train
ISIC_0031933,HAM_0001455,train
ISIC_0025579,HAM_0005894,holdout
ISIC_0029905,HAM_0006420,holdout
ISIC_0027197,HAM_0006244,holdout
ISIC_0029983,HAM_0006619,train
ISIC_0025542,HAM_0006685,holdout
ISIC_0024514,HAM_0002201,train
ISIC_0031662,HAM_0006947,train
ISIC_0031031,HAM_0004806,train
ISIC_0025533,HAM_0004836,train
ISIC_0026108,HAM_0003159,train
ISIC_0025655,HAM_0000759,train
ISIC_0026658,HAM_0005436,holdout
ISIC_0025730,HAM_0007374,train
ISIC_0030354,HAM_0003987,train
ISIC_0026406,HAM_0005510,train
ISIC_0025000,HAM_0001643,train
ISIC_0029803,HAM_0003940,holdout
ISIC_0025106,HAM_0000273,holdout
ISIC_0024680,HAM_0006323,train
ISIC_0031894,HAM_0006613,train
ISIC_0027091,HAM_0001617,holdout
ISIC_0024497,HAM_0006757,holdout
ISIC_0027360,HAM_0003958,train
ISIC_0024578,HAM_0004518,train
ISIC_0025640,HAM_0000014,train
ISIC_0026096,HAM_0006543,holdout
ISIC_0028139,HAM_0002429,train
ISIC_0031802,HAM_0003836,train
ISIC_0026825,HAM_0000204,holdout
ISIC_0026445,HAM_0004288,train
ISIC_0030625,HAM_0007342,train
ISIC_0029026,HAM_0002905,train
ISIC_0028310,HAM_0000693,train
ISIC_0024684,HAM_0002481,train
ISIC_0028230,HAM_0004519,train
ISIC_0026023,HAM_0000815,train
ISIC_0028281,HAM_0006300,train
ISIC_0028116,HAM_0006174,train
ISIC_0028870,HAM_0001381,train
ISIC_0026330,HAM_0001803,train
ISIC_0030251,HAM_0001989,train
ISIC_0032144,HAM_0007176,train
ISIC_0026600,HAM_0002319,holdout
ISIC_0028205,HAM_0000311,train
ISIC_0030772,HAM_0005086,train
ISIC_0029479,HAM_0005175,train
ISIC_0026111,HAM_0000374,train
ISIC_0027255,HAM_0007284,holdout
ISIC_0028588,HAM_0000850,train
ISIC_0025936,HAM_0000889,train
ISIC_0026231,HAM_0006581,holdout
ISIC_0025179,HAM_0005762,train
ISIC_0030580,HAM_0006702,train
ISIC_0028987,HAM_0006409,holdout
ISIC_0028592,HAM_0001702,train
ISIC_0027005,HAM_0006596,holdout
ISIC_0028887,HAM_0006225,holdout
ISIC_0027766,HAM_0001609,holdout
ISIC_0024441,HAM_0007516,train
ISIC_0030534,HAM_0002647,train
ISIC_0026022,HAM_0006725,holdout
ISIC_0026577,HAM_0006835,train
ISIC_0031121,HAM_0006205,train
ISIC_0030451,HAM_0006905,holdout
ISIC_0031111,HAM_0000922,train
ISIC_0024882,HAM_0000961,holdout
ISIC_0025667,HAM_0000762,train
ISIC_0030833,HAM_0000976,train
ISIC_0029182,HAM_0000277,holdout
ISIC_0026956,HAM_0003142,holdout
ISIC_0031982,HAM_0002345,holdout
ISIC_0029833,HAM_0006664,train
ISIC_0031991,HAM_0007108,train
ISIC_0029470,HAM_0000073,train
ISIC_0028472,HAM_0005769,train
ISIC_0032065,HAM_0006924,train
ISIC_0024447,HAM_0007429,holdout
ISIC_0029749,HAM_0001962,train
ISIC_0030922,HAM_0005197,train
ISIC_0026671,HAM_0006526,train
ISIC_0024933,HAM_0000266,train
ISIC_0031192,HAM_0006932,train
ISIC_0027498,HAM_0007014,train
ISIC_0028128,HAM_0005102,train
ISIC_0026488,HAM_0005387,train
ISIC_0026554,HAM_0005828,train
ISIC_0030603,HAM_0006921,train
ISIC_0024704,HAM_0001936,holdout
ISIC_0031462,HAM_0002861,holdout
ISIC_0024657,HAM_0005537,holdout
ISIC_0031981,HAM_0004337,holdout
ISIC_0025184,HAM_0007178,train
ISIC_0024561,HAM_0000707,train
ISIC_0028261,HAM_0005429,train
ISIC_0030198,HAM_0005695,train
ISIC_0027535,HAM_0006821,train
ISIC_0027098,HAM_0003451,train
ISIC_0026071,HAM_0001190,train
ISIC_0025436,HAM_0002556,train
ISIC_0026179,HAM_0003523,train
ISIC_0024620,HAM_0001881,holdout
ISIC_0026217,HAM_0002205,train
ISIC_0028447,HAM_0005745,holdout
ISIC_0025027,HAM_0004479,train
ISIC_0025571,HAM_0002888,holdout
ISIC_0025776,HAM_0003785,train
ISIC_0028945,HAM_0002370,train
ISIC_0032035,HAM_0002228,train
ISIC_0032412,HAM_0002234,train
ISIC_0026048,HAM_0002271,train
ISIC_0027789,HAM_0003415,train
ISIC_0026008,HAM_0001934,train
ISIC_0028882,HAM_0000486,train
ISIC_0024466,HAM_0001891,train
ISIC_0025892,HAM_0002754,holdout
ISIC_0027351,HAM_0002293,train
ISIC_0025488,HAM_0002295,train
ISIC_0025505,HAM_0000836,holdout
ISIC_0027346,HAM_0002326,train
ISIC_0027997,HAM_0004008,train
ISIC_0024784,HAM_0001479,train
ISIC_0024922,HAM_0003223,train
ISIC_0026151,HAM_0003932,holdout
ISIC_0027127,HAM_0005230,holdout
ISIC_0025172,HAM_0003305,train
ISIC_0027578,HAM_0006458,train
ISIC_0031889,HAM_0000521,train
ISIC_0025517,HAM_0005848,train
ISIC_0025295,HAM_0001230,train
ISIC_0025477,HAM_0003125,train
ISIC_0028571,HAM_0006273,train
ISIC_0025123,HAM_0001126,train
ISIC_0027183,HAM_0001104,holdout
ISIC_0026374,HAM_0002238,train
ISIC_0027379,HAM_0002154,train
ISIC_0027203,HAM_0000287,train
ISIC_0027475,HAM_0004656,train
ISIC_0026751,HAM_0000798,train
ISIC_0024827,HAM_0001125,holdout
ISIC_0029476,HAM_0004069,train
ISIC_0028809,HAM_0004991,holdout
ISIC_0028016,HAM_0005664,train
ISIC_0030456,HAM_0000194,train
ISIC_0031913,HAM_0000104,train
ISIC_0029344,HAM_0004638,train
ISIC_0026347,HAM_0005318,train
ISIC_0025165,HAM_0003033,train
ISIC_0028464,HAM_0004600,holdout
ISIC_0025237,HAM_0001701,train
ISIC_0029145,HAM_0000500,train
ISIC_0024480,HAM_0000866,holdout
ISIC_0026323,HAM_0006104,holdout
ISIC_0028673,HAM_0004553,train
ISIC_0030151,HAM_0004614,holdout
ISIC_0024380,HAM_0002936,train
ISIC_0027873,HAM_0006114,holdout
ISIC_0028344,HAM_0003423,train
ISIC_0025422,HAM_0002572,train
ISIC_0024916,HAM_0003590,train
ISIC_0026665,HAM_0000778,train
ISIC_0031611,HAM_0003710,train
ISIC_0028608,HAM_0003434,holdout
ISIC_0028649,HAM_0003754,train
ISIC_0024416,HAM_0002172,train
ISIC_0026166,HAM_0000562,train
ISIC_0028131,HAM_0003790,train
ISIC_0024377,HAM_0002088,train
ISIC_0027984,HAM_0007413,holdout
ISIC_0030810,HAM_0004956,holdout
ISIC_0025918,HAM_0003078,train
ISIC_0026711,HAM_0007030,train
ISIC_0024876,HAM_0004680,holdout
ISIC_0030839,HAM_0006926,train
ISIC_0028504,HAM_0006910,train
ISIC_0028118,HAM_0007514,train
ISIC_0030593,HAM_0002685,train
ISIC_0027959,HAM_0007083,train
ISIC_0031794,HAM_0006616,holdout
ISIC_0026809,HAM_0000267,train
ISIC_0031379,HAM_0006241,holdout
ISIC_0027711,HAM_0005057,holdout
ISIC_0025763,HAM_0007508,train
ISIC_0026157,HAM_0000787,train
ISIC_0028947,HAM_0002486,holdout
ISIC_0026017,HAM_0004095,train
ISIC_0028226,HAM_0003263,train
ISIC_0025148,HAM_0002511,train
ISIC_0027614,HAM_0006512,train
ISIC_0025243,HAM_0001933,train
ISIC_0024716,HAM_0001058,train
ISIC_0030159,HAM_0007208,train
ISIC_0027512,HAM_0004738,train
ISIC_0030847,HAM_0005153,train
ISIC_0027945,HAM_0003054,holdout
ISIC_0032157,HAM_0000353,train
ISIC_0030434,HAM_0005733,train
ISIC_0032236,HAM_0006105,holdout
ISIC_0026580,HAM_0005008,train
ISIC_0025346,HAM_0000000,train
ISIC_0028686,HAM_0005329,train
ISIC_0027849,HAM_0006129,train
ISIC_0031809,HAM_0004835,train
ISIC_0025681,HAM_0007228,train
ISIC_0030912,HAM_0001020,train
ISIC_0024995,HAM_0003650,holdout
ISIC_0026260,HAM_0000187,train
ISIC_0027783,HAM_0001679,train
ISIC_0030940,HAM_0002189,train
ISIC_0030263,HAM_0003672,train
ISIC_0029963,HAM_0007025,train
ISIC_0025400,HAM_0005173,train
ISIC_0026123,HAM_0003491,holdout
ISIC_0026991,HAM_0003946,train
ISIC_0029792,HAM_0005250,holdout
ISIC_0029208,HAM_0000604,train
ISIC_0028009,HAM_0005479,train
