patient_id,split
IP_0008821,train
IP_0014998,train
IP_0023586,train
IP_0028775,train
IP_0028993,train
IP_0030719,train
IP_0039318,train
IP_0063016,train
IP_0070027,train
IP_0076153,train
IP_0135517,train
IP_0152575,train
IP_0159369,holdout
IP_0166385,train
IP_0194702,holdout
IP_0199195,train
IP_0212694,train
IP_0218255,train
IP_0221531,train
IP_0235507,train
IP_0238613,train
IP_0242724,train
IP_0251074,train
IP_0264059,train
IP_0273153,holdout
IP_0277335,train
IP_0294957,train
IP_0307863,train
IP_0321326,train
IP_0325406,train
IP_0326123,holdout
IP_0349619,holdout
IP_0362830,holdout
IP_0364756,train
IP_0367941,train
IP_0379091,holdout
IP_0388807,train
IP_0400658,train
IP_0401271,train
IP_0411623,holdout
IP_0418534,train
IP_0431324,train
IP_0432384,train
IP_0448866,holdout
IP_0463511,train
IP_0473747,train
IP_0508792,train
IP_0528395,train
IP_0541183,holdout
IP_0564758,holdout
IP_0583992,holdout
IP_0591539,train
IP_0619517,train
IP_0625501,train
IP_0658218,holdout
IP_0669361,train
IP_0679009,train
IP_0679499,train
IP_0680005,train
IP_0680905,train
IP_0698187,holdout
IP_0707620,train
IP_0712824,train
IP_0753755,train
IP_0766934,holdout
IP_0785416,train
IP_0786235,train
IP_0796643,holdout
IP_0797650,holdout
IP_0810302,train
IP_0822819,train
IP_0825466,train
IP_0826114,train
IP_0841432,train
IP_0869661,train
IP_0877882,train
IP_0878241,train
IP_0889220,holdout
IP_0909149,train
IP_0912853,holdout
IP_0918359,train
IP_0941046,train
IP_0963443,holdout
IP_0963996,train
IP_0973565,holdout
IP_0973797,train
IP_0983055,train
IP_0990901,train
IP_1014869,train
IP_1016097,train
IP_1017174,train
IP_1039004,holdout
IP_1039996,train
IP_1045154,train
IP_1045174,holdout
IP_1052738,train
IP_1064846,holdout
IP_1074539,train
IP_1075722,train
IP_1076642,holdout
IP_1092190,train
IP_1093030,holdout
IP_1116526,train
IP_1117889,holdout
IP_1127121,train
IP_1129512,train
IP_1132945,train
IP_1140263,holdout
IP_1153321,train
IP_1157168,train
IP_1170604,holdout
IP_1183154,holdout
IP_1195596,train
IP_1196674,train
IP_1216329,holdout
IP_1219465,holdout
IP_1221547,train
IP_1225710,train
IP_1228433,train
IP_1233113,train
IP_1235828,train
IP_1241473,train
IP_1249536,train
IP_1253621,train
IP_1255419,train
IP_1276865,train
IP_1299153,train
IP_1307115,holdout
IP_1315408,holdout
IP_1329289,train
IP_1371147,train
IP_1390102,holdout
IP_1394710,train
IP_1395856,holdout
IP_1400932,train
IP_1417160,holdout
IP_1421772,train
IP_1422111,holdout
IP_1433033,train
IP_1438784,holdout
IP_1441174,train
IP_1442127,holdout
IP_1462830,train
IP_1468092,train
IP_1472711,train
IP_1474479,train
IP_1475510,train
IP_1479335,holdout
IP_1480068,holdout
IP_1487141,holdout
IP_1487179,holdout
IP_1507554,train
IP_1509264,holdout
IP_1510306,train
IP_1510720,train
IP_1511792,train
IP_1535132,train
IP_1541005,train
IP_1544679,holdout
IP_1546267,holdout
IP_1564882,train
IP_1566965,train
IP_1590245,train
IP_1621549,holdout
IP_1645936,train
IP_1657785,train
IP_1664093,train
IP_1669227,holdout
IP_1688699,holdout
IP_1705144,holdout
IP_1712091,holdout
IP_1715157,train
IP_1718382,holdout
IP_1741190,holdout
IP_1757336,holdout
IP_1759413,train
IP_1767934,train
IP_1798779,train
IP_1822913,train
IP_1836571,train
IP_1872392,train
IP_1885773,train
IP_1890559,train
IP_1898682,train
IP_1899826,train
IP_1907604,train
IP_1908657,train
IP_1913736,train
IP_1928390,train
IP_1929081,holdout
IP_1930850,train
IP_1948385,train
IP_1959239,holdout
IP_1959951,train
IP_1967015,train
IP_1974761,train
IP_1999627,train
IP_2017170,train
IP_2019334,holdout
IP_2023739,holdout
IP_2057476,train
IP_2066414,train
IP_2068150,holdout
IP_2075317,holdout
IP_2084621,train
IP_2094774,train
IP_2097401,holdout
IP_2099415,train
IP_2106484,holdout
IP_2134122,holdout
IP_2139337,holdout
IP_2148283,train
IP_2159168,train
IP_2160213,train
IP_2172761,train
IP_2180091,train
IP_2182714,train
IP_2189124,train
IP_2193356,holdout
IP_2203964,train
IP_2216403,train
IP_2224950,train
IP_2248025,train
IP_2251106,holdout
IP_2263019,train
IP_2331257,holdout
IP_2373228,train
IP_2385829,train
IP_2392531,holdout
IP_2408575,train
IP_2426108,holdout
IP_2456971,train
IP_2465915,train
IP_2475169,train
IP_2476052,holdout
IP_2480242,train
IP_2482185,holdout
IP_2491677,train
IP_2499203,train
IP_2506030,train
IP_2529526,train
IP_2536274,holdout
IP_2544693,train
IP_2573038,train
IP_2586665,train
IP_2608033,holdout
IP_2608498,train
IP_2612113,train
IP_2613684,holdout
IP_2619972,train
IP_2649835,train
IP_2676056,train
IP_2682513,train
IP_2702014,train
IP_2725676,train
IP_2730424,train
IP_2732171,train
IP_2736542,train
IP_2738587,holdout
IP_2739007,holdout
IP_2748432,holdout
IP_2768316,train
IP_2769928,train
IP_2771899,train
IP_2776672,train
IP_2784566,train
IP_2843614,holdout
IP_2850771,train
IP_2856078,train
IP_2859289,train
IP_2868385,train
IP_2870467,train
IP_2870934,train
IP_2873124,train
IP_2878659,train
IP_2889176,train
IP_2905642,holdout
IP_2914511,train
IP_2926276,train
IP_2931167,train
IP_2934981,train
IP_2935407,train
IP_2939024,holdout
IP_2940103,train
IP_2945977,train
IP_2950091,train
IP_2953492,train
IP_2988802,train
IP_3026693,train
IP_3026867,train
IP_3028432,train
IP_3039884,train
IP_3056186,train
IP_3078079,holdout
IP_3113752,holdout
IP_3140028,train
IP_3144881,train
IP_3154471,train
IP_3162100,train
IP_3162799,holdout
IP_3173681,train
IP_3195935,train
IP_3201881,train
IP_3206733,train
IP_3209107,train
IP_3212820,train
IP_3220951,train
IP_3232631,holdout
IP_3238049,holdout
IP_3240837,train
IP_3243621,train
IP_3249371,train
IP_3253955,holdout
IP_3254460,train
IP_3260480,train
IP_3266740,train
IP_3273742,holdout
IP_3302560,holdout
IP_3316592,holdout
IP_3322614,train
IP_3343426,holdout
IP_3346083,train
IP_3357012,train
IP_3371534,holdout
IP_3374234,train
IP_3395413,train
IP_3396756,train
IP_3401345,train
IP_3421262,train
IP_3447822,train
IP_3449873,holdout
IP_3462387,holdout
IP_3464505,holdout
IP_3467773,train
IP_3472796,train
IP_3487012,holdout
IP_3489821,holdout
IP_3516318,train
IP_3523452,train
IP_3523903,train
IP_3533032,train
IP_3537591,holdout
IP_3549978,train
IP_3557879,train
IP_3576950,train
IP_3619408,train
IP_3621991,train
IP_3631110,train
IP_3647018,train
IP_3658490,train
IP_3694893,train
IP_3703571,train
IP_3710285,holdout
IP_3713422,train
IP_3720880,holdout
IP_3720977,holdout
IP_3751225,train
IP_3752806,train
IP_3756675,train
IP_3763130,train
IP_3772472,train
IP_3778684,train
IP_3785831,holdout
IP_3796132,train
IP_3798501,train
IP_3815550,train
IP_3823237,train
IP_3844290,train
IP_3849715,train
IP_3858404,holdout
IP_3863759,train
IP_3864041,holdout
IP_3880252,train
IP_3892916,holdout
IP_3896746,train
IP_3905195,holdout
IP_3909069,train
IP_3912094,train
IP_3915030,holdout
IP_3921915,train
IP_3923321,train
IP_3927284,train
IP_3930863,train
IP_3939586,train
IP_3944798,train
IP_3987348,train
IP_4000207,holdout
IP_4004571,train
IP_4013104,train
IP_4039962,train
IP_4041934,train
IP_4057581,train
IP_4058694,train
IP_4076839,train
IP_4077556,train
IP_4080836,train
IP_4106376,train
IP_4111386,train
IP_4123511,train
IP_4136174,train
IP_4137989,holdout
IP_4150126,train
IP_4152176,train
IP_4154441,train
IP_4156836,train
IP_4165316,train
IP_4169963,train
IP_4177511,train
IP_4211990,train
IP_4215006,train
IP_4226769,train
IP_4261366,holdout
IP_4271244,train
IP_4287679,train
IP_4295424,train
IP_4304202,train
IP_4309618,train
IP_4330259,train
IP_4332092,train
IP_4334766,train
IP_4338678,holdout
IP_4363940,train
IP_4379891,holdout
IP_4382263,holdout
IP_4408352,train
IP_4409916,holdout
IP_4414342,train
IP_4416783,train
IP_4419126,train
IP_4421863,train
IP_4439138,holdout
IP_4460625,train
IP_4462741,train
IP_4480584,train
IP_4481788,holdout
IP_4495069,train
IP_4506900,holdout
IP_4511854,train
IP_4513696,train
IP_4540594,train
IP_4542557,train
IP_4545121,train
IP_4549819,holdout
IP_4565930,holdout
IP_4567543,holdout
IP_4567772,train
IP_4575043,train
IP_4579352,train
IP_4591603,train
IP_4597513,train
IP_4610483,train
IP_4618777,train
IP_4655161,holdout
IP_4655365,train
IP_4660306,train
IP_4660444,holdout
IP_4687295,train
IP_4702957,holdout
IP_4717387,train
IP_4736538,train
IP_4745071,train
IP_4752560,train
IP_4758182,train
IP_4806074,train
IP_4814112,train
IP_4825600,train
IP_4849578,train
IP_4854139,train
IP_4860795,train
IP_4864692,holdout
IP_4890448,holdout
IP_4899312,train
IP_4900209,train
IP_4905048,train
IP_4909921,train
IP_4911432,train
IP_4923309,train
IP_4928793,train
IP_4934005,train
IP_4942918,train
IP_4947385,holdout
IP_4972619,train
IP_4972929,holdout
IP_4973961,train
IP_4974148,train
IP_5001333,train
IP_5004303,train
IP_5024708,train
IP_5027861,train
IP_5038384,holdout
IP_5044083,train
IP_5067302,holdout
IP_5071966,train
IP_5078348,train
IP_5079989,train
IP_5086285,train
IP_5090704,train
IP_5092630,train
IP_5102122,train
IP_5103211,holdout
IP_5114481,train
IP_5117525,train
IP_5117877,train
IP_5120883,holdout
IP_5140400,train
IP_5143034,train
IP_5147120,train
IP_5148328,holdout
IP_5160434,holdout
IP_5167473,train
IP_5171395,train
IP_5180428,holdout
IP_5193252,train
IP_5202701,train
IP_5230038,holdout
IP_5231513,train
IP_5244735,train
IP_5245683,train
IP_5247126,train
IP_5267744,train
IP_5276373,train
IP_5284141,train
IP_5294508,train
IP_5296073,train
IP_5299455,holdout
IP_5320918,train
IP_5337939,holdout
IP_5352890,train
IP_5358487,train
IP_5367782,holdout
IP_5373245,train
IP_5377190,train
IP_5377980,train
IP_5410876,train
IP_5422189,holdout
IP_5426188,train
IP_5444929,train
IP_5450983,train
IP_5452637,holdout
IP_5453533,train
IP_5471913,train
IP_5475307,train
IP_5503004,train
IP_5505912,train
IP_5516884,train
IP_5529572,train
IP_5536173,train
IP_5536425,train
IP_5539318,train
IP_5543025,train
IP_5543334,train
IP_5557775,train
IP_5558850,train
IP_5568236,train
IP_5578564,holdout
IP_5579051,train
IP_5580991,holdout
IP_5585622,holdout
IP_5586137,train
IP_5611762,train
IP_5631916,train
IP_5638421,train
IP_5671683,train
IP_5678181,train
IP_5683980,holdout
IP_5709986,train
IP_5714646,train
IP_5715920,train
IP_5726814,train
IP_5727892,train
IP_5734018,train
IP_5735323,train
IP_5746458,train
IP_5757305,train
IP_5764032,train
IP_5776495,train
IP_5792141,train
IP_5792391,train
IP_5795395,train
IP_5799983,train
IP_5805763,holdout
IP_5808198,train
IP_5811816,train
IP_5821629,train
IP_5824484,holdout
IP_5860706,train
IP_5863402,holdout
IP_5869016,train
IP_5869723,train
IP_5882439,train
IP_5887935,holdout
IP_5896490,train
IP_5903482,train
IP_5905382,train
IP_5907007,train
IP_5961877,train
IP_5967999,train
IP_5980491,train
IP_5989034,train
IP_5993432,train
IP_5998065,train
IP_6028537,train
IP_6032376,holdout
IP_6048841,holdout
IP_6050681,train
IP_6059757,train
IP_6066606,holdout
IP_6067220,train
IP_6068625,train
IP_6070270,train
IP_6096667,train
IP_6122263,train
IP_6141958,train
IP_6153406,train
IP_6157775,train
IP_6158578,holdout
IP_6159192,train
IP_6164902,holdout
IP_6178092,train
IP_6187331,train
IP_6193088,train
IP_6207479,holdout
IP_6215230,holdout
IP_6242714,train
IP_6259292,train
IP_6261184,train
IP_6308791,train
IP_6316304,train
IP_6321403,train
IP_6333768,holdout
IP_6335357,holdout
IP_6338257,holdout
IP_6349629,train
IP_6356898,holdout
IP_6371852,holdout
IP_6383979,train
IP_6391213,train
IP_6413837,train
IP_6420568,train
IP_6422845,holdout
IP_6423094,holdout
IP_6426047,train
IP_6448229,holdout
IP_6453283,train
IP_6455605,train
IP_6458452,holdout
IP_6464657,train
IP_6474130,train
IP_6501396,train
IP_6523344,train
IP_6538458,train
IP_6545310,train
IP_6547234,train
IP_6559812,train
IP_6569660,train
IP_6580149,holdout
IP_6588443,holdout
IP_6598006,train
IP_6607308,train
IP_6611217,train
IP_6613669,train
IP_6618567,train
IP_6626189,train
IP_6626453,train
IP_6630831,holdout
IP_6631830,train
IP_6644187,train
IP_6647281,train
IP_6656527,train
IP_6659956,train
IP_6666374,train
IP_6693687,train
IP_6698262,holdout
IP_6707153,train
IP_6709102,holdout
IP_6723298,holdout
IP_6724798,train
IP_6725180,train
IP_6728648,train
IP_6732258,holdout
IP_6745108,holdout
IP_6760225,train
IP_6774617,holdout
IP_6791907,train
IP_6792349,train
IP_6796597,holdout
IP_6820996,holdout
IP_6832954,holdout
IP_6838111,train
IP_6856511,train
IP_6863831,train
IP_6865940,train
IP_6878583,train
IP_6882635,holdout
IP_6884312,holdout
IP_6885550,train
IP_6894380,train
IP_6906890,holdout
IP_6908786,holdout
IP_6910802,train
IP_6934330,train
IP_6945048,train
IP_6945752,train
IP_6949284,holdout
IP_6957489,holdout
IP_6962812,train
IP_6975913,train
IP_6982571,train
IP_6995314,holdout
IP_7013759,train
IP_7025551,holdout
IP_7038439,train
IP_7046354,train
IP_7059937,train
IP_7069393,train
IP_7105810,train
IP_7108328,train
IP_7110283,holdout
IP_7110625,train
IP_7123023,train
IP_7134094,train
IP_7148655,holdout
IP_7152379,train
IP_7157831,train
IP_7163567,train
IP_7167214,holdout
IP_7167379,train
IP_7177095,holdout
IP_7198665,train
IP_7203758,train
IP_7205082,train
IP_7206441,train
IP_7207550,train
IP_7212568,train
IP_7215455,train
IP_7220059,train
IP_7227995,train
IP_7240141,train
IP_7244959,train
IP_7249064,train
IP_7259384,train
IP_7261254,train
IP_7272992,train
IP_7276426,train
IP_7289063,train
IP_7293666,train
IP_7295514,train
IP_7299252,holdout
IP_7309652,train
IP_7312348,holdout
IP_7314066,holdout
IP_7322743,train
IP_7330399,train
IP_7331185,train
IP_7331639,holdout
IP_7331742,train
IP_7346431,train
IP_7346729,train
IP_7349538,train
IP_7358582,train
IP_7360161,holdout
IP_7370330,train
IP_7373371,train
IP_7377377,train
IP_7380434,train
IP_7398662,train
IP_7404721,holdout
IP_7405099,train
IP_7411721,train
IP_7412246,holdout
IP_7415295,train
IP_7424727,holdout
IP_7425532,train
IP_7434854,train
IP_7438238,train
IP_7452667,train
IP_7458220,train
IP_7470499,train
IP_7473498,holdout
IP_7494122,train
IP_7497314,train
IP_7497380,train
IP_7502403,holdout
IP_7527140,train
IP_7539844,train
IP_7541961,train
IP_7563441,holdout
IP_7587482,train
IP_7607266,train
IP_7607582,train
IP_7607603,train
IP_7611905,train
IP_7625594,holdout
IP_7629874,holdout
IP_7637042,train
IP_7652019,holdout
IP_7655469,train
IP_7656744,train
IP_7661679,train
IP_7685109,train
IP_7685389,train
IP_7695606,holdout
IP_7695871,train
IP_7696347,train
IP_7703522,holdout
IP_7734648,train
IP_7746572,holdout
IP_7759470,holdout
IP_7769646,train
IP_7770500,train
IP_7792811,train
IP_7797815,train
IP_7804054,holdout
IP_7805094,train
IP_7819499,train
IP_7834081,holdout
IP_7845325,train
IP_7848492,train
IP_7858959,holdout
IP_7867932,train
IP_7891672,train
IP_7942475,train
IP_7965642,holdout
IP_7977194,train
IP_7983177,train
IP_7986111,train
IP_8008363,train
IP_8020296,train
IP_8022159,train
IP_8022574,holdout
IP_8030518,holdout
IP_8036435,train
IP_8041141,holdout
IP_8054445,train
IP_8078890,train
IP_8083655,holdout
IP_8083700,train
IP_8088254,train
IP_8099433,train
IP_8119518,train
IP_8128046,holdout
IP_8152292,train
IP_8154159,train
IP_8170065,train
IP_8171968,train
IP_8172184,train
IP_8201352,train
IP_8218877,train
IP_8222468,train
IP_8227918,train
IP_8230693,train
IP_8230830,holdout
IP_8231294,train
IP_8233849,train
IP_8235292,train
IP_8239727,holdout
IP_8241654,holdout
IP_8259143,holdout
IP_8271354,holdout
IP_8274573,train
IP_8275247,train
IP_8283570,train
IP_8292126,train
IP_8313778,holdout
IP_8316597,train
IP_8352314,train
IP_8370425,holdout
IP_8372519,train
IP_8377208,holdout
IP_8385012,holdout
IP_8405898,train
IP_8442778,train
IP_8444660,train
IP_8457418,train
IP_8458848,train
IP_8475533,holdout
IP_8478332,train
IP_8481061,holdout
IP_8482462,train
IP_8486755,train
IP_8489106,holdout
IP_8492290,train
IP_8492485,holdout
IP_8494850,train
IP_8506963,train
IP_8514250,train
IP_8514538,train
IP_8528263,train
IP_8548927,train
IP_8557750,train
IP_8559987,train
IP_8565023,train
IP_8567950,train
IP_8590096,holdout
IP_8599446,train
IP_8607082,train
IP_8614298,holdout
IP_8616566,train
IP_8617720,train
IP_8625948,holdout
IP_8666903,holdout
IP_8672132,train
IP_8683966,train
IP_8685501,holdout
IP_8689079,train
IP_8701305,holdout
IP_8706806,train
IP_8717202,train
IP_8721252,holdout
IP_8767156,train
IP_8781267,train
IP_8785060,train
IP_8793264,train
IP_8810058,holdout
IP_8827940,train
IP_8834083,train
IP_8835306,holdout
IP_8849896,train
IP_8861604,train
IP_8869158,train
IP_8877928,train
IP_8892475,train
IP_8892837,train
IP_8900167,train
IP_8901760,holdout
IP_8911703,train
IP_8925663,train
IP_8935276,train
IP_8945836,train
IP_8956217,holdout
IP_8977835,train
IP_8979449,train
IP_8989787,train
IP_8990982,train
IP_8992235,train
IP_8999199,train
IP_9009251,train
IP_9011000,train
IP_9022855,train
IP_9025934,train
IP_9027701,train
IP_9034566,train
IP_9039449,train
IP_9042542,train
IP_9046874,train
IP_9057861,train
IP_9063230,train
IP_9067016,train
IP_9103159,train
IP_9105435,train
IP_9144006,train
IP_9144368,holdout
IP_9151709,train
IP_9160070,train
IP_9164625,holdout
IP_9168687,train
IP_9175987,train
IP_9179679,holdout
IP_9181133,train
IP_9211554,train
IP_9225429,train
IP_9238994,train
IP_9245079,train
IP_9248436,train
IP_9272723,train
IP_9278714,train
IP_9293142,train
IP_9299752,holdout
IP_9301252,holdout
IP_9324599,train
IP_9348017,train
IP_9356150,holdout
IP_9367708,holdout
IP_9372681,holdout
IP_9376785,train
IP_9381759,holdout
IP_9391134,train
IP_9409053,train
IP_9418573,train
IP_9427625,holdout
IP_9441294,train
IP_9441710,train
IP_9449622,train
IP_9453251,holdout
IP_9457327,train
IP_9458945,holdout
IP_9463965,train
IP_9472195,train
IP_9485312,train
IP_9486050,train
IP_9496166,train
IP_9497636,train
IP_9497736,train
IP_9513376,train
IP_9517020,train
IP_9526638,holdout
IP_9533619,train
IP_9550509,train
IP_9552305,holdout
IP_9552666,train
IP_9553357,train
IP_9558858,holdout
IP_9577633,train
IP_9587089,holdout
IP_9588095,train
IP_9624374,holdout
IP_9628485,train
IP_9640788,train
IP_9647738,train
IP_9652562,train
IP_9654016,train
IP_9659491,train
IP_9676241,train
IP_9688037,train
IP_9724369,holdout
IP_9726832,train
IP_9742855,train
IP_9743101,train
IP_9745479,train
IP_9769936,holdout
IP_9773839,train
IP_9778433,train
IP_9781727,holdout
IP_9790808,train
IP_9794555,train
IP_9801595,train
IP_9806877,train
IP_9807499,train
IP_9825877,train
IP_9837962,holdout
IP_9847192,train
IP_9853536,train
IP_9857146,train
IP_9859462,train
IP_9890051,train
IP_9905803,train
IP_9915026,holdout
IP_9916724,train
IP_9970422,train
IP_9978624,train
IP_9979014,train
IP_9989989,train
