run_id,module,model,n_features,features,hyperparameters,seed,cv_auc_mean,cv_auc_sd,cv_pauc80_mean,note
D0,dermoscopic,baseline: constant (prevalence),0,,{},0,0.5,0.0,0.02,
D1,dermoscopic,fixed rule: Stolz TDS = 1.3A+0.1B+0.5C+0.5D,4,A;B;C;D,"{""weights"": [1.3, 0.1, 0.5, 0.5]}",0,0.6365,0.0546,0.0306,
D2,dermoscopic,"logistic regression on A,B,C,D",4,A;B;C;D,"{""C"": 1.0, ""max_iter"": 2000, ""class_weight"": ""balanced""}",0,0.6874,0.0491,0.0439,
D3,dermoscopic,logistic regression on continuous ABCD measurements,17,a_shape_max;a_color_max;b_ramp_mean;b_ramp_std;b_compactness;c_frac_white;c_frac_red;c_frac_light_brown;c_frac_dark_brown;c_frac_blue_gray;c_frac_black;c_L_std;c_ab_std;cnn_p_pigment_network;cnn_p_globules;cnn_p_streaks;d_structureless_frac,"{""C"": 1.0, ""max_iter"": 2000, ""class_weight"": ""balanced""}",0,0.7727,0.0332,0.0748,
D3c,dermoscopic,"logistic regression, continuous ABCD + age/sex/site",20,a_shape_max;a_color_max;b_ramp_mean;b_ramp_std;b_compactness;c_frac_white;c_frac_red;c_frac_light_brown;c_frac_dark_brown;c_frac_blue_gray;c_frac_black;c_L_std;c_ab_std;cnn_p_pigment_network;cnn_p_globules;cnn_p_streaks;d_structureless_frac;age;sex;localization,"{""C"": 1.0, ""max_iter"": 2000, ""class_weight"": ""balanced""}",0,0.8269,0.0309,0.0936,
D4,dermoscopic,"BENCHMARK gradient boosting, all features + context",33,a_shape_max;a_color_max;b_ramp_mean;b_ramp_std;b_compactness;c_frac_white;c_frac_red;c_frac_light_brown;c_frac_dark_brown;c_frac_blue_gray;c_frac_black;c_L_std;c_ab_std;cnn_p_pigment_network;cnn_p_globules;cnn_p_streaks;d_structureless_frac;cnn_p_negative_network;cnn_p_milia_like_cyst;lesion_area_frac;a_shape_ax1;a_shape_ax2;a_color_ax1;a_color_ax2;b_ramp_min;c_L_mean;d_net_score;d_n_dots;d_n_globules;d_streak_score;age;sex;localization,"{""max_iter"": 300, ""learning_rate"": 0.05, ""max_leaf_nodes"": 15, ""l2_regularization"": 1.0, ""class_weight"": ""balanced"", ""random_state"": 0}",0,0.8416,0.0258,0.1022,
C0,clinical,baseline: constant (prevalence),0,,{},0,0.5,0.0,0.02,train benign subsampled
C1,clinical,fixed rule: diameter > 6 mm,1,D_gt6mm,"{""cut_mm"": 6}",0,0.7424,0.0456,0.046,
C1b,clinical,"fixed rule: ABCD count (A/B/C > benign P90, D > 6 mm)",4,A;B;C;D,"{""A"": [""tbp_lv_symm_2axis"", 0.479684198612717], ""B"": [""tbp_lv_norm_border"", 5.8217150507184], ""C"": [""tbp_lv_norm_color"", 5.793769305719957]}",0,0.762,0.0325,0.0636,
C2,clinical,logistic regression on ABCD core,7,tbp_lv_symm_2axis;tbp_lv_radial_color_std_max;tbp_lv_norm_border;tbp_lv_area_perim_ratio;tbp_lv_norm_color;tbp_lv_deltaLBnorm;clin_size_long_diam_mm,"{""C"": 1.0, ""max_iter"": 2000, ""class_weight"": ""balanced""}",0,0.8327,0.0674,0.0709,"train benign subsampled to 20,000"
C3,clinical,logistic regression on ABCD core + ugly-duckling z-scores,14,tbp_lv_symm_2axis;tbp_lv_radial_color_std_max;tbp_lv_norm_border;tbp_lv_area_perim_ratio;tbp_lv_norm_color;tbp_lv_deltaLBnorm;clin_size_long_diam_mm;tbp_lv_symm_2axis_pz;tbp_lv_radial_color_std_max_pz;tbp_lv_norm_border_pz;tbp_lv_area_perim_ratio_pz;tbp_lv_norm_color_pz;tbp_lv_deltaLBnorm_pz;clin_size_long_diam_mm_pz,"{""C"": 1.0, ""max_iter"": 2000, ""class_weight"": ""balanced""}",0,0.8297,0.0789,0.0751,"train benign subsampled to 20,000"
C3c,clinical,"logistic regression, ABCD + ugly duckling + age/sex/site",17,tbp_lv_symm_2axis;tbp_lv_radial_color_std_max;tbp_lv_norm_border;tbp_lv_area_perim_ratio;tbp_lv_norm_color;tbp_lv_deltaLBnorm;clin_size_long_diam_mm;tbp_lv_symm_2axis_pz;tbp_lv_radial_color_std_max_pz;tbp_lv_norm_border_pz;tbp_lv_area_perim_ratio_pz;tbp_lv_norm_color_pz;tbp_lv_deltaLBnorm_pz;clin_size_long_diam_mm_pz;age_approx;sex;anatom_site_general,"{""C"": 1.0, ""max_iter"": 2000, ""class_weight"": ""balanced""}",0,0.851,0.0663,0.0903,"train benign subsampled to 20,000"
C4,clinical,"BENCHMARK gradient boosting, all TBP features + DNN + context",47,age_approx;clin_size_long_diam_mm;clin_size_long_diam_mm_pz;n_lesions_patient;tbp_lv_A;tbp_lv_Aext;tbp_lv_B;tbp_lv_Bext;tbp_lv_C;tbp_lv_Cext;tbp_lv_H;tbp_lv_Hext;tbp_lv_L;tbp_lv_Lext;tbp_lv_areaMM2;tbp_lv_area_perim_ratio;tbp_lv_area_perim_ratio_pz;tbp_lv_color_std_mean;tbp_lv_deltaA;tbp_lv_deltaB;tbp_lv_deltaL;tbp_lv_deltaLB;tbp_lv_deltaLBnorm;tbp_lv_deltaLBnorm_pz;tbp_lv_dnn_lesion_confidence;tbp_lv_eccentricity;tbp_lv_minorAxisMM;tbp_lv_nevi_confidence;tbp_lv_norm_border;tbp_lv_norm_border_pz;tbp_lv_norm_color;tbp_lv_norm_color_pz;tbp_lv_perimeterMM;tbp_lv_radial_color_std_max;tbp_lv_radial_color_std_max_pz;tbp_lv_stdL;tbp_lv_stdLExt;tbp_lv_symm_2axis;tbp_lv_symm_2axis_angle;tbp_lv_symm_2axis_pz;tbp_lv_x;tbp_lv_y;tbp_lv_z;sex;anatom_site_general;tbp_tile_type;tbp_lv_location,"{""categorical_features"": ""from_dtype"", ""class_weight"": ""balanced"", ""early_stopping"": ""auto"", ""interaction_cst"": null, ""l2_regularization"": 1.0, ""learning_rate"": 0.05, ""loss"": ""log_loss"", ""max_bins"": 255, ""max_depth"": null, ""max_features"": 1.0, ""max_iter"": 300, ""max_leaf_nodes"": 15, ""min_samples_leaf"": 20, ""monotonic_cst"": null, ""n_iter_no_change"": 10, ""random_state"": 0, ""scoring"": ""loss"", ""tol"": 1e-07, ""validation_fraction"": 0.1, ""verbose"": 0, ""warm_start"": false}",0,0.89,0.0202,0.1136,"train benign subsampled to 20,000"
